<?xml version="1.0" encoding="UTF-8"?>  
<!DOCTYPE mapper PUBLIC "-//mybatis.org//DTD Mapper 3.0//EN"  "http://mybatis.org/dtd/mybatis-3-mapper.dtd">
<mapper namespace="TBsArea">
	<resultMap type="com.meizu.mshow.domain.pojo.TBsArea" id="TBsArea">
		<result column="id" jdbcType="BIGINT" property="id" />
		<result column="name" jdbcType="VARCHAR" property="name" />
		<result column="parent_id" jdbcType="VARCHAR" property="parentId" />
		<result column="level" jdbcType="VARCHAR" property="level" />
		<result column="lng" jdbcType="FLOAT" property="lng" />
		<result column="lat" jdbcType="FLOAT" property="lat" />
	</resultMap>
	<select id="loadTBsAreaViaCityName" resultMap="TBsArea">
	 <![CDATA[
			SELECT t.id,
			t.name,
			t.parent_id,
			t.level,
			t.lng,
			t.lat
			FROM
			t_bs_area t
			WHERE
			t.name=#{cityName}
	]]>
	</select>

	<select id="loadTBsAreaViaSubCityName" resultMap="TBsArea">
	 <![CDATA[
			SELECT t.id,
			t.name,
			t.parent_id,
			t.level,
			t.lng,
			t.lat
			FROM
			t_bs_area t
			WHERE
			t.name like concat('%',#{cityName},'%');
	]]>
	</select>
</mapper>