<?xml version="1.0" encoding="UTF-8"?>  
<!DOCTYPE mapper PUBLIC "-//mybatis.org//DTD Mapper 3.0//EN"  "http://mybatis.org/dtd/mybatis-3-mapper.dtd">
<mapper namespace="TimerModel">
	<resultMap type="com.meizu.mshow.domain.model.TimerModel" id="TimerModel">
		<result column="img_id" jdbcType="BIGINT" property="imgId" />
		<result column="view_count" jdbcType="INTEGER" property="viewCount" />
		<result column="like_count" jdbcType="INTEGER" property="likeCount" />
		<result column="comment_count" jdbcType="INTEGER" property="commentCount" />
		<result column="hot_score" jdbcType="INTEGER" property="hotScore" />
	</resultMap>
	<select id="loadHotWithTime" resultMap="TimerModel"
		parameterType="hashmap">
		   <![CDATA[
			 SELECT 
			 tp.img_id, 
			 IFNULL(tp.comment_count,0)AS comment_count ,
			 IFNULL(tp.like_count,0) AS like_count,
			 IFNULL(tp.view_count,0) AS view_count,
			 (IFNULL(tp.comment_count,0)*#{commentWeight}+IFNULL(tp.like_count,0)*#{likeWeight}+IFNULL(tp.view_count,0)*#{vewWeight}) AS hot_score
			FROM t_img_picture tp
			WHERE  tp.status in(1,2) AND tp.cdate>#{cdate}
			ORDER BY hot_score DESC
			LIMIT #{start},#{limit}
		   ]]>
	</select>
	<select id="loadPrt" resultMap="TimerModel" parameterType="hashmap">
	   <![CDATA[
		SELECT tp.img_id,
		IFNULL(p.comment_count,0)AS comment_count ,
		IFNULL(p.like_count,0) AS like_count,
		IFNULL(p.view_count,0) AS view_count,
		(IFNULL(p.comment_count,0)*#{commentWeight}+IFNULL(p.like_count,0)*#{likeWeight}+IFNULL(p.view_count,0)*#{vewWeight}) AS hot_score
		FROM t_img_prt  tp 
		LEFT JOIN t_img_picture p ON tp.img_id=p.img_id
		WHERE tp.category=1  AND  tp.start_date <UNIX_TIMESTAMP() AND tp.end_date >UNIX_TIMESTAMP() AND tp.status=1 AND p.status in(1,2)
		ORDER BY hot_score DESC
		LIMIT #{start},#{limit}
	   ]]>
	</select>
	<select id="loadTagHotImage" resultMap="TimerModel"
		parameterType="map">
		   <![CDATA[
			  SELECT 	
			 	 tp.img_id, 
				 IFNULL(tp.comment_count,0)AS comment_count ,
				 IFNULL(tp.like_count,0) AS like_count,
				 IFNULL(tp.view_count,0) AS view_count,
				 (IFNULL(tp.comment_count,0)*#{commentWeight}+IFNULL(tp.like_count,0)*#{likeWeight}+IFNULL(tp.view_count,0)*#{vewWeight}) AS hot_score
				FROM t_img_tagmap tm 
				LEFT JOIN t_img_picture tp ON tm.img_id=tp.img_id
				WHERE  tm.tag_id=#{tagId} AND  tp.status in(1,2) and tp.cdate>#{cdate} 
				ORDER BY hot_score DESC
				LIMIT #{start},#{limit}
		   ]]>
	</select>

	<select id="loadTagNewImage" resultMap="TimerModel"
		parameterType="map">
		   <![CDATA[
			  SELECT 	
			 	 tp.img_id, 
				 IFNULL(tp.comment_count,0)AS comment_count ,
				 IFNULL(tp.like_count,0) AS like_count,
				 IFNULL(tp.view_count,0) AS view_count,
				 (IFNULL(tp.comment_count,0)*#{commentWeight}+IFNULL(tp.like_count,0)*#{likeWeight}+IFNULL(tp.view_count,0)*#{vewWeight}) AS hot_score
				FROM t_img_tagmap tm 
				LEFT JOIN t_img_picture tp ON tm.img_id=tp.img_id
				WHERE tm.tag_id=#{tagId} and tp.status in(1,2) AND tp.cdate>#{cdate} 
				ORDER BY tp.cdate DESC
				LIMIT #{start},#{limit}
		   ]]>
	</select>
</mapper>