<?xml version="1.0" encoding="UTF-8"?>  
<!DOCTYPE mapper PUBLIC "-//mybatis.org//DTD Mapper 3.0//EN"  "http://mybatis.org/dtd/mybatis-3-mapper.dtd">
<mapper namespace="TImgComment">
	<resultMap type="com.meizu.mshow.domain.pojo.TImgComment" id="TImgComment">
		<result column="comment_id" jdbcType="BIGINT" property="commentId" />
		<result column="user_id" jdbcType="BIGINT" property="userId" />
		<result column="alias_name" jdbcType="VARCHAR" property="aliasName" />
		<result column="head_icon" jdbcType="VARCHAR" property="headIcon" />
		<result column="remark" jdbcType="VARCHAR" property="remark" />
		<result column="cdate" jdbcType="INTEGER" property="cdate" />
		<result column="status" jdbcType="INTEGER" property="status" />
		<result column="img_id" jdbcType="BIGINT" property="imgId" />
		<result column="continent" jdbcType="VARCHAR" property="continent" />
		<result column="country" jdbcType="VARCHAR" property="country" />
		<result column="province" jdbcType="VARCHAR" property="province" />
		<result column="city" jdbcType="VARCHAR" property="city" />
		<result column="district" jdbcType="VARCHAR" property="district" />
		<result column="street" jdbcType="VARCHAR" property="street" />
		<result column="street_number" jdbcType="VARCHAR" property="streetNumber" />
		<result column="lng" jdbcType="FLOAT" property="lng" />
		<result column="lat" jdbcType="FLOAT" property="lat" />
		<result column="ip" jdbcType="VARCHAR" property="ip" />
		<result column="reply_user_id" jdbcType="BIGINT" property="replyUserId" />
		<result column="reply_alias_name" jdbcType="VARCHAR" property="replyAliasName" />
		<result column="reply_comment_id" jdbcType="BIGINT" property="replyCommentId" />
	</resultMap>
	<select id="loadCommentList" resultMap="TImgComment"
		parameterType="hashmap">
	   <![CDATA[
		SELECT 	c.comment_id, 
		c.user_id, 
		u.alias_name,
		u.head_icon,
		c.remark, 
		c.cdate, 
		c.status, 
		c.img_id, 
		c.continent, 
		c.country, 
		c.province, 
		c.city, 
		c.district, 
		c.street, 
		c.street_number, 
		c.lng, 
		c.lat, 
		c.ip,
		c.reply_user_id,
		u1.alias_name as reply_alias_name,
		c.reply_comment_id
		FROM 
		t_img_comment c
		left join t_sys_user u on c.user_id=u.user_id
		left join t_sys_user u1 on c.reply_user_id=u1.user_id
		where c.img_id=#{imgId} and c.status in (1,2) 
		]]>
		<if test="posId !=null ">
			  <![CDATA[ and c.comment_id<#{posId}]]>
		</if>  
		<![CDATA[
		order by  c.comment_id desc
		LIMIT #{start},#{limit}
	   ]]>
	</select>
	<select id="loadCommentListASC" resultMap="TImgComment"
		parameterType="hashmap">
	   <![CDATA[
		SELECT 	c.comment_id, 
		c.user_id, 
		u.alias_name,
		u.head_icon,
		c.remark, 
		c.cdate, 
		c.status, 
		c.img_id, 
		c.continent, 
		c.country, 
		c.province, 
		c.city, 
		c.district, 
		c.street, 
		c.street_number, 
		c.lng, 
		c.lat, 
		c.ip,
		c.reply_user_id,
		u1.alias_name as reply_alias_name ,
		c.reply_comment_id
		FROM 
		t_img_comment c
		left join t_sys_user u on c.user_id=u.user_id
		left join t_sys_user u1 on c.reply_user_id=u1.user_id
		where c.img_id=#{imgId}  and c.status in (1,2)
		]]>
		<if test="posId !=null ">
			and c.comment_id>#{posId}
		</if>  
		<![CDATA[
		order by  c.comment_id asc
		LIMIT 0,#{limit}
	   ]]>
	</select>
	<select id="getCommentCount" resultType="int">
	   <![CDATA[
		SELECT count(*) 
		FROM 
		t_img_comment tc
		where tc.img_id=#{imgId} and tc.status in (1,2)
	   ]]>
	</select>
	<insert id="insertComment" parameterType="com.meizu.mshow.domain.pojo.TImgComment"
		keyProperty="commentId" keyColumn="GENERATED_KEY" useGeneratedKeys="true">
          <![CDATA[
			 INSERT INTO t_img_comment 
				(comment_id, 
				user_id, 
				remark, 
				cdate, 
				`STATUS`, 
				img_id, 
				continent, 
				country, 
				province, 
				city, 
				district, 
				street, 
				street_number, 
				lng, 
				lat, 
				ip,
				reply_user_id,
				reply_comment_id
				)
				VALUES
				(#{commentId}, 
				#{userId}, 
				#{remark}, 
				#{cdate}, 
				#{status}, 
				#{imgId}, 
				#{continent}, 
				#{country}, 
				#{province}, 
				#{city}, 
				#{district}, 
				#{street}, 
				#{streetNumber}, 
				#{lng}, 
				#{lat}, 
				#{ip},
				#{replyUserId},
				#{replyCommentId}
				);
		   ]]>
	</insert>
	<insert id="insertBatchComment" keyProperty="commentId"
		keyColumn="GENERATED_KEY" useGeneratedKeys="true">
          <![CDATA[
			 INSERT INTO t_img_comment 
				(comment_id, 
				user_id, 
				remark, 
				cdate, 
				`STATUS`, 
				img_id, 
				continent, 
				country, 
				province, 
				city, 
				district, 
				street, 
				street_number, 
				lng, 
				lat, 
				ip,
				reply_user_id,
				reply_comment_id
				)
				VALUES
				]]>
		<foreach collection="list" item="item" index="index"
			separator=","> 
          <![CDATA[
          (
          		#{item.commentId}, 
				#{item.userId}, 
				#{item.remark}, 
				#{item.cdate}, 
				#{item.status}, 
				#{item.imgId}, 
				#{item.continent}, 
				#{item.country}, 
				#{item.province}, 
				#{item.city}, 
				#{item.district}, 
				#{item.street}, 
				#{item.streetNumber}, 
				#{item.lng}, 
				#{item.lat}, 
				#{item.ip},
				#{item.replyUserId},
				#{item.replyCommentId}
				)
          ]]>
		</foreach>
	</insert>
	<select id="loadCommentListViaImgIds" resultMap="TImgComment"
		parameterType="hashmap">
	   <![CDATA[
		SELECT 	tc.comment_id, 
		tc.user_id, 
		u.alias_name,
		u.head_icon,
		tc.remark, 
		tc.cdate, 
		tc.status, 
		tc.img_id, 
		tc.continent, 
		tc.country, 
		tc.province, 
		tc.city, 
		tc.district, 
		tc.street, 
		tc.street_number, 
		tc.lng, 
		tc.lat, 
		tc.ip,
		tc.reply_user_id,
		u1.alias_name as reply_alias_name ,
		tc.reply_comment_id
			 
		FROM
		  t_img_comment tc
		 LEFT JOIN t_img_picture tp1 ON tp1.img_id=tc.img_id
		 left join t_sys_user u on tc.user_id=u.user_id
		 left join t_sys_user u1 on tc.reply_user_id=u1.user_id
		WHERE
		 tc.img_id IN ]]>
		<foreach collection="imgIds" item="item" index="index" open="("
			separator="," close=")"> 
          <![CDATA[
            #{item} 
          ]]>
		</foreach>
	 <![CDATA[ AND tp.status in (1,2) and tc.status<>0 
		  ORDER BY tc.cdate DESC
	   ]]>
	</select>
	<select id="loadCommentViaCommentId" resultMap="TImgComment"
		parameterType="hashmap">
	   <![CDATA[
		SELECT 	c.comment_id, 
		c.user_id, 
		u.alias_name,
		u.head_icon,
		c.remark, 
		c.cdate, 
		c.status, 
		c.img_id, 
		c.continent, 
		c.country, 
		c.province, 
		c.city, 
		c.district, 
		c.street, 
		c.street_number, 
		c.lng, 
		c.lat, 
		c.ip,
		c.reply_user_id,
		u1.alias_name as reply_alias_name,
		c.reply_comment_id
		FROM 
		t_img_comment c
		left join t_sys_user u on c.user_id=u.user_id
		left join t_sys_user u1 on c.reply_user_id=u1.user_id
		where c.comment_id=#{commentId} and c.status in (1,2)	 
		]]>
	</select>

	<update id="updateCommentStatus">
		 <![CDATA[
			UPDATE t_img_comment t SET t.status=#{status} WHERE t.comment_id=#{commentId};
	    	]]>
	</update>
	<update id="updateBatchCommentStatus">
          <![CDATA[
			UPDATE t_img_comment t SET t.status=#{status} WHERE t.comment_id  in
		   ]]>
		<foreach collection="updatelist" item="item" index="index"
			open="(" separator="," close=")"> 
          <![CDATA[
            #{item.commentId} 
          ]]>
		</foreach>
	</update>
</mapper>