<?xml version="1.0" encoding="UTF-8"?>  
<!DOCTYPE mapper PUBLIC "-//mybatis.org//DTD Mapper 3.0//EN"  "http://mybatis.org/dtd/mybatis-3-mapper.dtd">
<mapper namespace="TImgActivity">
	<resultMap type="com.meizu.mshow.domain.pojo.TImgActivity"
		id="TImgActivity">
		<result column="activity_id" jdbcType="BIGINT" property="activityId" />
		<result column="tag_id" jdbcType="BIGINT" property="tagId" />
		<result column="tag_Name" jdbcType="VARCHAR" property="tagName" />
		<result column="tag_cover" jdbcType="VARCHAR" property="tagCover" />
		<result column="large_cover" jdbcType="VARCHAR" property="largeCover" />
		<result column="large_width" jdbcType="INTEGER" property="largeWidth" />
		<result column="large_height" jdbcType="INTEGER" property="largeHeight" />
		<result column="min_cover" jdbcType="VARCHAR" property="minCover" />
		<result column="min_width" jdbcType="INTEGER" property="minWidth" />
		<result column="min_height" jdbcType="INTEGER" property="minHeight" />
		<result column="desc" jdbcType="VARCHAR" property="desc" />
		<result column="img_count" jdbcType="INTEGER" property="imgCount" />
		<result column="comment_count" jdbcType="INTEGER" property="commentCount" />
		<result column="user_count" jdbcType="INTEGER" property="userCount" />
		<result column="start_time" jdbcType="INTEGER" property="startTime" />
		<result column="end_time" jdbcType="INTEGER" property="endTime" />
		<result column="status" jdbcType="INTEGER" property="status" />
		<result column="cdate" jdbcType="INTEGER" property="cdate" />
		<result column="user_id" jdbcType="BIGINT" property="userId" />
		<result column="user_name" jdbcType="VARCHAR" property="userName" />
	</resultMap>
	<update id="updateActivityImgCount">
	  <![CDATA[
	  UPDATE  t_img_activity SET img_count =img_count+ #{count} where activity_id=#{activityId}
		]]>
	</update>
	<select id="loadActivityViaActivityId" resultMap="TImgActivity"
		parameterType="Long">
   <![CDATA[
		SELECT 	
			ta.activity_id, 
			ta.tag_id, 
			ttag.tag_name,
			ttag.tag_cover,	
			ta.large_cover, 
			ta.large_width, 
			ta.large_height, 
			ta.min_cover, 
			ta.min_width, 
			ta.min_height, 
			ta.desc, 
			ta.img_count, 
			ta.comment_count, 
			ta.user_count, 
			ta.start_time, 
			ta.end_time, 
			ta.status, 
			ta.cdate, 
			ta.user_id, 
			ta.user_name	 
		FROM t_img_activity ta
		LEFT JOIN t_img_tag ttag ON ttag.tag_id=ta.tag_id
		WHERE ta.activity_id=#{activityId} and ta.status=1
		]]>
	</select>
	<select id="loadActivityList" resultMap="TImgActivity"
		parameterType="map">
   <![CDATA[
	SELECT 	
		ta.activity_id, 
		ta.tag_id, 
		ttag.tag_name,
		ttag.tag_cover,	
		ta.large_cover, 
		ta.large_width, 
		ta.large_height, 
		ta.min_cover, 
		ta.min_width, 
		ta.min_height, 
		ta.desc, 
		ta.img_count, 
		ta.comment_count, 
		ta.user_count, 
		ta.start_time, 
		ta.end_time, 
		ta.status, 
		ta.cdate, 
		ta.user_id, 
		ta.user_name	 
		FROM 
		t_img_activity ta
		LEFT JOIN t_img_tag ttag ON ttag.tag_id=ta.tag_id
		WHERE ta.status=1 ]]>
		<if test="posId !=null ">
			  <![CDATA[ and ta.activity_id<#{posId}]]>
		</if>
		<if test="startTime !=null ">
			  <![CDATA[ and ta.start_time>=#{startTime}]]>
		</if>
		<if test="endTime !=null ">
			  <![CDATA[ and ta.start_time<#{endTime}]]>
		</if>  
		<![CDATA[
		ORDER BY ta.activity_id DESC
		LIMIT 0, #{limit};
		]]>
	</select>
	<select id="loadActivityListASC" resultMap="TImgActivity"
		parameterType="map">
   <![CDATA[
	SELECT 	
		ta.activity_id, 
		ta.tag_id, 
		ttag.tag_name,
		ttag.tag_cover,	
		ta.large_cover, 
		ta.large_width, 
		ta.large_height, 
		ta.min_cover, 
		ta.min_width, 
		ta.min_height, 
		ta.desc, 
		ta.img_count, 
		ta.comment_count, 
		ta.user_count, 
		ta.start_time, 
		ta.end_time, 
		ta.status, 
		ta.cdate, 
		ta.user_id, 
		ta.user_name	 
		FROM 
		t_img_activity ta
		LEFT JOIN t_img_tag ttag ON ttag.tag_id=ta.tag_id
		WHERE ta.status=1 ]]>
		<if test="posId !=null ">
			  <![CDATA[ and ta.activity_id<#{posId}]]>
		</if>
		<if test="startTime !=null ">
			  <![CDATA[ and ta.start_time>=#{startTime}]]>
		</if>
		<if test="endTime !=null ">
			  <![CDATA[ and ta.start_time<#{endTime}]]>
		</if>  
		<![CDATA[
		ORDER BY ta.activity_id ASC
		LIMIT 0, #{limit};
		]]>
	</select>

	<select id="loadPictureViaAcitivity" resultMap="TImgPrt.PicturePlazaModel"
		parameterType="map">
		   <![CDATA[
			  SELECT 	
			 	tp.img_id , 
				tp.user_id , 
				tp.desc, 
				tp.cdate, 
				tp.view_count , 
				tp.like_count , 
				tp.comment_count , 
				tp.status, 
				tp.source_img , 
				tp.middle_img , 
				tp.min_img , 
				tp.device, 
				tp.continent, 
				tp.country, 
				tp.province, 
				tp.city, 
				tp.district, 
				tp.street, 
				tp.street_number, 
				tp.lng, 
				tp.lat, 
				tp.ip, 
				tp.source_width , 
				tp.source_height , 
				tp.middle_width , 
				tp.middle_height , 
				tp.min_width , 
				tp.min_height ,				
				u.alias_name , 
				u.head_icon  ,
				tp.filter_name,
				tp.file_size
				FROM t_img_picture  tp
				LEFT JOIN t_sys_user u ON u.user_id=tp.user_id
				WHERE tp.activity_id=#{activityId} and tp.status in(1,2)
				]]>
		<if test="posId !=null ">
		<![CDATA[	and tp.img_id<#{posId}   ]]>
		</if>  
		<![CDATA[
				ORDER BY tp.img_id DESC
				LIMIT 0,#{limit}
		   ]]>
	</select>
	<select id="loadPictureViaAcitivityASC" resultMap="TImgPrt.PicturePlazaModel"
		parameterType="map">
		   <![CDATA[
			  SELECT 	
			 	tp.img_id , 
				tp.user_id , 
				tp.desc, 
				tp.cdate, 
				tp.view_count , 
				tp.like_count , 
				tp.comment_count , 
				tp.status, 
				tp.source_img , 
				tp.middle_img , 
				tp.min_img , 
				tp.device, 
				tp.continent, 
				tp.country, 
				tp.province, 
				tp.city, 
				tp.district, 
				tp.street, 
				tp.street_number, 
				tp.lng, 
				tp.lat, 
				tp.ip, 
				tp.source_width , 
				tp.source_height , 
				tp.middle_width , 
				tp.middle_height , 
				tp.min_width , 
				tp.min_height ,				
				u.alias_name , 
				u.head_icon  ,
				tp.filter_name,
				tp.file_size,
				tp.activity_id
				FROM t_img_picture  tp
				LEFT JOIN t_sys_user u ON u.user_id=tp.user_id
				WHERE tp.activity_id=#{activityId} and tp.status in(1,2)
				]]>
		<if test="posId !=null ">
		<![CDATA[	and tp.img_id>#{posId}   ]]>
		</if>  
		<![CDATA[
				ORDER BY tp.img_id ASC
				LIMIT 0,#{limit}
		   ]]>
	</select>
	<update id="updateImgCount" parameterType="hashmap">
	 <![CDATA[
	 	UPDATE t_img_activity 
		SET	
		img_count =IFNULL(img_count,0 )+#{count}
		WHERE
		user_id	= #{activityId};
	  ]]>
	</update>
</mapper>