<?xml version="1.0" encoding="UTF-8"?>  
<!DOCTYPE mapper PUBLIC "-//mybatis.org//DTD Mapper 3.0//EN"  "http://mybatis.org/dtd/mybatis-3-mapper.dtd">
<mapper namespace="TImgTag">
	<resultMap type="com.meizu.mshow.domain.pojo.TImgTag" id="TImgTag">
		<result column="tag_id" jdbcType="INTEGER" property="tagId" />
		<result column="user_id" jdbcType="BIGINT" property="userId" />
		<result column="cdate" jdbcType="INTEGER" property="cdate" />
		<result column="status" jdbcType="INTEGER" property="status" />
		<result column="tag_name" jdbcType="VARCHAR" property="tagName" />
		<result column="img_id" jdbcType="INTEGER" property="imgId" />
		<result column="tag_cover" jdbcType="VARCHAR" property="tagCover" />
		<result column="img_count" jdbcType="INTEGER" property="imgCount" />
	</resultMap>
	<insert id="insertTImgTag" parameterType="com.meizu.mshow.domain.pojo.TImgTag"
		keyProperty="tagId" keyColumn="GENERATED_KEY" useGeneratedKeys="true">
          <![CDATA[
			INSERT INTO t_img_tag 
			(tag_id, 
			user_id, 
			tag_name, 
			cdate, 
			`STATUS`,
			img_count
			)VALUES
		   ]]>
		<!-- <foreach collection="tags" item="item" index="index" separator="," 
			> -->
          <![CDATA[
             (#{tagId},#{userId},#{tagName},#{cdate},#{status},#{imgCount})
          ]]>
		<!-- </foreach> -->
	</insert>
	<select id="loadTagsViaImgId" resultMap="TImgTag" parameterType="hashmap">
	   <![CDATA[
		SELECT 	 ttag.tag_id, 
		ttag.user_id, 
		ttag.tag_name, 
		ttag.cdate, 
		ttag.status,
		ttag.tag_cover,
		ttag.img_count,
		tmap.img_id		
		FROM 
		t_img_tag ttag
		LEFT JOIN t_img_tagmap tmap ON ttag.tag_id=tmap.tag_id
		WHERE tmap.img_id=#{imgId} and ttag.status<>9
		LIMIT #{start},#{limit}
	   ]]>
	</select>
	<select id="loadTagsViaImgIds" resultMap="TImgTag"
		parameterType="hashmap">
	   <![CDATA[
		SELECT
		  	tg.tag_id,
		  	tg.user_id,
			tg.tag_name,
			tg.cdate,
			tg.status,
			tmap.img_id,
			tg.img_count
		FROM
		  t_img_tagmap tmap
		 LEFT JOIN t_img_tag tg ON tmap.tag_id=tg.tag_id
		 LEFT JOIN t_img_picture tp1 ON tp1.img_id=tmap.img_id
		WHERE 
		 tmap.img_id IN ]]>
		<foreach collection="imgIds" item="item" index="index" open="("
			separator="," close=")"> 
          <![CDATA[
            #{item} 
          ]]>
		</foreach>
	 <![CDATA[ AND tp.status in (1,2) AND tg.status<>9
		  ORDER BY tg.cdate DESC
  
	   ]]>
	</select>

	<select id="loadHotTagsViaTagIds" resultMap="TImgTag">
	   <![CDATA[
		SELECT 
			tg.tag_id,
		  	tg.user_id,
			tg.tag_name,
			tg.cdate,
			tg.status,
			tg.img_count
		FROM t_img_tag tg 
		WHERE tg.tag_id IN ]]>
		<foreach collection="tagIds" item="item" index="index" open="("
			separator="," close=")"> 
          <![CDATA[
            #{item} 
          ]]>
		</foreach>
 		<![CDATA[ AND tt.status<>9  ]]>
	</select>
	<select id="loadTagList" resultMap="TImgTag">
	   <![CDATA[
		SELECT 	 ttag.tag_id, 
		ttag.user_id, 
		ttag.tag_name, 
		ttag.cdate, 
		ttag.tag_cover,
		ttag.status,
		ttag.img_count
		FROM 
		t_img_tag ttag
		where ttag.status=#{condition}
		LIMIT #{start},#{limit}
	   ]]>
	</select>
	<select id="loadTagViaTagName" resultMap="TImgTag">
	   <![CDATA[
		SELECT 	 ttag.tag_id, 
		ttag.user_id, 
		ttag.tag_name, 
		ttag.cdate, 
		ttag.tag_cover,
		ttag.status,
		-1 as img_id,
		ttag.img_count
		FROM 
		t_img_tag ttag
		where  ttag.tag_name =#{tagName} and ttag.status<>9 
	   ]]>
	</select>
	<update id="updateTagImgCount">
	  <![CDATA[
	  UPDATE  t_img_tag 
		SET img_count =  CASE tag_id
		]]>
		<foreach collection="tagIds" item="item" index="index"
			separator=" "> 
          <![CDATA[
            WHEN #{item.tagId} THEN img_count+#{item.count}
          ]]>
		</foreach>
 		<![CDATA[
		    END
		WHERE tag_id IN ]]>
		<foreach collection="tagIds" item="item" index="index" open="("
			close=")" separator=","> 
          <![CDATA[
             #{item.tagId} 
          ]]>
		</foreach>
	</update>
	<update id="updateDeTagImgCount">
	  <![CDATA[
	    UPDATE t_img_tag tag 
		LEFT JOIN t_img_tagmap tm ON tag.tag_id=tm.tag_id
		SET tag.img_count=tag.img_count+#{count}
		WHERE tm.img_id=#{imgId}
	]]>
	</update>

</mapper>