<?xml version="1.0" encoding="UTF-8"?>  
<!DOCTYPE mapper PUBLIC "-//mybatis.org//DTD Mapper 3.0//EN"  "http://mybatis.org/dtd/mybatis-3-mapper.dtd">
<mapper namespace="TImgPicture">
	<resultMap type="com.meizu.mshow.domain.pojo.TImgPicture" id="TImgPicture">
		<result column="img_id" jdbcType="BIGINT" property="imgId" />
		<result column="user_id" jdbcType="BIGINT" property="userId" />
		<result column="head_icon" jdbcType="VARCHAR" property="headIcon" />
		<result column="alias_name" jdbcType="VARCHAR" property="aliasName" />
		<result column="desc" jdbcType="VARCHAR" property="desc" />
		<result column="cdate" jdbcType="INTEGER" property="cdate" />
		<result column="view_count" jdbcType="INTEGER" property="viewCount" />
		<result column="like_count" jdbcType="INTEGER" property="likeCount" />
		<result column="comment_count" jdbcType="INTEGER" property="commentCount" />
		<result column="status" jdbcType="INTEGER" property="status" />
		<result column="source_img" jdbcType="VARCHAR" property="sourceImg" />
		<result column="middle_img" jdbcType="VARCHAR" property="middleImg" />
		<result column="min_img" jdbcType="VARCHAR" property="minImg" />
		<result column="device" jdbcType="VARCHAR" property="device" />
		<result column="continent" jdbcType="VARCHAR" property="continent" />
		<result column="country" jdbcType="VARCHAR" property="country" />
		<result column="province" jdbcType="VARCHAR" property="province" />
		<result column="city" jdbcType="VARCHAR" property="city" />
		<result column="district" jdbcType="VARCHAR" property="district" />
		<result column="street" jdbcType="VARCHAR" property="street" />
		<result column="street_number" jdbcType="VARCHAR" property="streetNumber" />
		<result column="lng" jdbcType="FLOAT" property="lng" />
		<result column="lat" jdbcType="FLOAT" property="lat" />
		<result column="ip" jdbcType="VARCHAR" property="ip" />
		<result column="source_width" jdbcType="INTEGER" property="sourceWidth" />
		<result column="source_height" jdbcType="INTEGER" property="sourceHeight" />
		<result column="middle_width" jdbcType="INTEGER" property="middleWidth" />
		<result column="middle_height" jdbcType="INTEGER" property="middleHeight" />
		<result column="min_width" jdbcType="INTEGER" property="minWidth" />
		<result column="min_height" jdbcType="INTEGER" property="minHeight" />
		<result column="filter_name" jdbcType="VARCHAR" property="filterName" />
		<result column="file_size" jdbcType="INTEGER" property="fileSize" />
		<result column="activity_id" jdbcType="BIGINT" property="activityId" />
	</resultMap>
	<select id="loadPictureViaImgId" resultMap="TImgPicture"
		parameterType="Long">
   <![CDATA[
		SELECT 	
			p.img_id, 
			p.user_id, 
			p.DESC, 
			p.cdate, 
			p.view_count, 
			p.like_count, 
			p.comment_count, 
			p.STATUS, 
			p.source_img, 
			p.middle_img, 
			p.min_img, 
			p.device, 
			p.continent, 
			p.country, 
			p.province, 
			p.city, 
			p.district, 
			p.street, 
			p.street_number, 
			p.lng, 
			p.lat, 
			p.ip, 
			p.source_width, 
			p.source_height, 
			p.middle_width, 
			p.middle_height, 
			p.min_width, 
			p.min_height,
			u.alias_name,
			u.head_icon,
			p.filter_name,
			p.file_size,
			p.activity_id
		FROM t_img_picture p
		LEFT JOIN t_sys_user u ON p.user_id=u.user_id
		where p.img_id =#{imgId} and p.status in (1,2)]]>
	</select>
	<select id="loadPictureViaImgIds" resultMap="TImgPicture"
		parameterType="Long">
   <![CDATA[
	SELECT 	
		p.img_id, 
		p.user_id, 
		p.DESC, 
		p.cdate, 
		p.view_count, 
		p.like_count, 
		p.comment_count, 
		p.STATUS, 
		p.source_img, 
		p.middle_img, 
		p.min_img, 
		p.device, 
		p.continent, 
		p.country, 
		p.province, 
		p.city, 
		p.district, 
		p.street, 
		p.street_number, 
		p.lng, 
		p.lat, 
		p.ip, 
		p.source_width, 
		p.source_height, 
		p.middle_width, 
		p.middle_height, 
		p.min_width, 
		p.min_height,
		u.alias_name,
		u.head_icon,
		p.filter_name,
		p.file_size,
		p.activity_id
	FROM 
	t_img_picture p
	LEFT JOIN t_sys_user u ON p.user_id=u.user_id
	where p.img_id in ]]>
		<foreach collection="list" item="item" index="index" open="("
			separator="," close=")"> 
          <![CDATA[
            #{item} 
          ]]>
		</foreach>
	 <![CDATA[  and p.status in (1,2)]]>
	</select>

	<insert id="insertPicture" parameterType="com.meizu.mshow.domain.pojo.TImgPicture"
		keyProperty="imgId" keyColumn="GENERATED_KEY" useGeneratedKeys="true">
          <![CDATA[
			INSERT INTO t_img_picture 
				(img_id, 
				user_id, 
				`DESC`, 
				cdate, 
				view_count, 
				like_count, 
				comment_count, 
				`STATUS`, 
				source_img, 
				middle_img, 
				min_img, 
				device, 
				continent, 
				country, 
				province, 
				city, 
				district, 
				street, 
				street_number, 
				lng, 
				lat, 
				ip, 
				source_width, 
				source_height, 
				middle_width, 
				middle_height, 
				min_width, 
				min_height,
				filter_name,
				file_size,
				activity_id
				)
				VALUES
				(#{imgId}, 
				#{userId}, 
				#{desc}, 
				#{cdate}, 
				#{viewCount}, 
				#{likeCount}, 
				#{commentCount}, 
				#{status}, 
				#{sourceImg}, 
				#{middleImg}, 
				#{minImg}, 
				#{device}, 
				#{continent}, 
				#{country}, 
				#{province}, 
				#{city}, 
				#{district}, 
				#{street}, 
				#{streetNumber}, 
				#{lng}, 
				#{lat}, 
				#{ip},
				#{sourceWidth}, 
				#{sourceHeight}, 
				#{middleWidth}, 
				#{middleHeight}, 
				#{minWidth}, 
				#{minHeight},
				#{filterName},
				#{fileSize},
				#{activityId}
				)
		   ]]>
	</insert>


	<select id="searchPicture" resultType="hashmap">
		select * from (
		select
		I.img_id imgId,
		I.user_id userId,
		I.desc `desc`,
		I.cdate cdate,
		I.view_count viewCount,
		I.like_count likeCount,
		I.comment_count
		commentCount,
		I.status `status`,
		I.source_img sourceImg,
		I.middle_img
		middleImg,
		I.min_img minImg,
		I.device device,
		I.continent
		continent,
		I.country country,
		I.province province,
		I.city city,
		I.district district,
		I.street street,
		I.street_number streetNumber,
		I.lng lng,
		I.lat lat,
		I.ip
		ip,
		I.source_width sourceWidth,
		I.source_height
		sourceHeight,
		I.middle_width middleWidth,
		I.middle_height middleHeight,
		I.min_width
		minWidth,
		I.min_height minHeight
		from
		t_img_picture I
		INNER
		JOIN
		t_sys_sphinx S
		ON I.img_id=S.id
		WHERE
		I.status in (1,2) and

		<if test="isChar=1">
			S.query=CONCAT(#{keyWord},';mode=any;maxmatches=1000;limit=1000;index=img')
			<if test="keywords!=null">
				<foreach collection="keywords" item="item" open=" and ("
					close=")" separator=" or ">
					I.`desc` like concat('%',#{item},'%')
				</foreach>
			</if>
		</if>

		<if test="isChar=0">
			S.query=CONCAT(#{keyWord},';mode=any;maxmatches=1000;limit=1000;index=img')
		</if>


		) t
		LIMIT #{start},#{limit}
	</select>
	<select id="searchTag" resultType="hashmap">
		SELECT * FROM (
		SELECT
		I.tag_id
		tagId,I.tag_name tagName,I.tag_cover
		tagCover
		FROM
		t_img_tag I INNER
		JOIN
		t_sys_sphinx S
		ON I.tag_id=S.id
		WHERE
		I.status &lt;&gt; 9 and
		<if test="isChar=1">
			S.query=CONCAT(#{keyWord},';mode=any;maxmatches=1000;limit=1000;index=tag')
			<if test="keywords!=null">
				<foreach collection="keywords" item="item" open=" and ("
					close=")" separator=" or ">
					I.tag_name like concat('%',#{item},'%')
				</foreach>
			</if>
		</if>
		<if test="isChar=0">
			S.query=CONCAT(#{keyWord},';mode=any;maxmatches=1000;limit=1000;index=tag')
		</if>

		) t
		LIMIT #{start},#{limit}

	</select>


	<select id="loadImageInfoById" resultType="hashmap">

		select
		P.desc `desc`,
		P.cdate cdate,
		P.view_count viewCount,
		P.like_count
		likeCount,
		U.alias_name aliasName,
		P.lng lng,
		P.lat lat,
		P.source_width
		sourceWidth,
		P.source_height sourceHeight,
		P.middle_width middleWidth,
		P.middle_height middleHeight,
		P.min_width minWidth,
		P.min_height
		minHeight,
		P.source_img sourceImg,
		P.middle_img middleImg,
		P.min_img
		minImg,
		P.img_id imgId,
		P.filter_name filterName,
		p.file_size,
		p.activity_id
		from
		t_img_picture P
		Inner
		Join
		t_sys_user U On
		P.user_id =
		U.user_id
		where
		P.img_id in
		<foreach item="item" index="index" collection="list" open="("
			separator="," close=")">
			#{item}
		</foreach>
		 <![CDATA[ and P.status<>0 and P.status<>9 and P.status<>3 ]]>
	</select>

	<select id="loadImageIdByKeyWord" resultType="long">
		SELECT M.img_id
		imgId FROM t_img_tagmap M INNER JOIN (
		SELECT * FROM t_img_tag T INNER
		JOIN t_sys_sphinx S ON T.tag_id=S.id
		WHERE S.query=
		CONCAT(#{keyWord},';mode=any;maxmatches=1000;limit=1000;index=tag')
		) T
		ON M.tag_id=T.tag_id GROUP BY M.img_id

		LIMIT #{start},#{limit}
	</select>

	<update id="updateLikeCount" parameterType="hashmap">
	 <![CDATA[
	 	update t_img_picture set like_count=IFNULL(like_count,0 )+#{count} where img_id=#{imgId}
	  ]]>
	</update>
	<update id="updateCommentCount" parameterType="hashmap">
	 <![CDATA[
	 	update t_img_picture set comment_count=IFNULL(comment_count,0 )+#{count} where img_id=#{imgId}
	  ]]>
	</update>
	<update id="deletePictureViaImgId" parameterType="java.util.HashMap">
	 <![CDATA[
	 	update t_img_picture timg set timg.status= ${status} where timg.img_id=${imgId}
	  ]]>
	</update>
	<select id="loadPictureByUserId" resultMap="TImgPrt.PicturePlazaModel">
	   <![CDATA[
	SELECT  
		p.img_id ,  
		p.user_id ,  
		p.desc `desc`,  
		p.cdate cdate,  
		p.view_count ,  
		p.like_count ,  
		p.comment_count ,  
		p.status `status`,  
		p.source_img ,  
		p.middle_img ,  
		p.min_img ,  
		p.device ,  
		p.continent ,  
		p.country ,  
		p.province ,  
		p.city ,  
		p.district ,  
		p.street ,  
		p.street_number ,  
		p.lng lng,  
		p.lat lat,  
		p.ip ip	 ,
		source_width, 
		source_height, 
		middle_width, 
		middle_height, 
		min_width, 
		min_height,
		u.alias_name,
		u.head_icon,
		p.filter_name,
		p.file_size,
		p.activity_id
	 	FROM t_img_picture p
	 	LEFT JOIN t_sys_user u ON p.user_id=u.user_id
		WHERE p.user_id=#{userId} ]]>
		<if test="posId !=null ">
			<![CDATA[ AND p.img_id <  #{posId} ]]>
		</if>
		<![CDATA[ AND p.status in (1,2) 
		ORDER BY p.img_id DESC
		LIMIT 0,#{limit}
   ]]>
	</select>
	<select id="loadPictureByUserIdASC" resultMap="TImgPrt.PicturePlazaModel">
	   <![CDATA[
	SELECT  
		p.img_id ,  
		p.user_id ,  
		p.desc `desc`,  
		p.cdate cdate,  
		p.view_count ,  
		p.like_count ,  
		p.comment_count ,  
		p.status `status`,  
		p.source_img ,  
		p.middle_img ,  
		p.min_img ,  
		p.device ,  
		p.continent ,  
		p.country ,  
		p.province ,  
		p.city ,  
		p.district ,  
		p.street ,  
		p.street_number ,  
		p.lng lng,  
		p.lat lat,  
		p.ip ip	 ,
		source_width, 
		source_height, 
		middle_width, 
		middle_height, 
		min_width, 
		min_height,
		u.alias_name,
		u.head_icon,
		p.filter_name,
		p.file_size,
		p.activity_id
	 	FROM t_img_picture p
	 	LEFT JOIN t_sys_user u ON p.user_id=u.user_id
		WHERE p.user_id=#{userId}]]>
		<if test="posId !=null ">
			<![CDATA[ AND p.img_id > #{posId} ]]>
		</if>
		<![CDATA[ AND p.status in (1,2)
		ORDER BY p.img_id ASC
		LIMIT 0,#{limit}
   ]]>
	</select>
	<select id="loadPictureByLike" resultMap="TImgPrt.PicturePlazaModel">
	   <![CDATA[
	SELECT  
		l.like_id ,
		p.img_id ,  
		p.user_id ,  
		p.desc `desc`,  
		p.cdate cdate,  
		p.view_count ,  
		p.like_count ,  
		p.comment_count ,  
		p.status `status`,  
		p.source_img ,  
		p.middle_img ,  
		p.min_img ,  
		p.device ,  
		p.continent ,  
		p.country ,  
		p.province ,  
		p.city ,  
		p.district ,  
		p.street ,  
		p.street_number ,  
		p.lng lng,  
		p.lat lat,  
		p.ip ip	 ,
		source_width, 
		source_height, 
		middle_width, 
		middle_height, 
		min_width, 
		min_height,
		u.alias_name,
		u.head_icon,
		p.filter_name,
		p.file_size,
		p.activity_id
		FROM t_img_like l
		LEFT JOIN t_img_picture p ON p.img_id=l.img_id
	 	LEFT JOIN t_sys_user u ON p.user_id=u.user_id
		WHERE l.user_id=#{userId} ]]>
		<if test="posId !=null ">
			<![CDATA[And l.status=1  AND l.like_id <  #{posId} ]]>
		</if>
		<![CDATA[ AND l.status=1 AND p.status in (1,2)
		ORDER BY l.like_id  DESC
		LIMIT 0,#{limit}
   ]]>
	</select>
	<select id="loadPictureByLikeASC" resultMap="TImgPrt.PicturePlazaModel">
	   <![CDATA[
	SELECT  
		l.like_id ,
		p.img_id ,  
		p.user_id ,  
		p.desc `desc`,  
		p.cdate cdate,  
		p.view_count ,  
		p.like_count ,  
		p.comment_count ,  
		p.status `status`,  
		p.source_img ,  
		p.middle_img ,  
		p.min_img ,  
		p.device ,  
		p.continent ,  
		p.country ,  
		p.province ,  
		p.city ,  
		p.district ,  
		p.street ,  
		p.street_number ,  
		p.lng lng,  
		p.lat lat,  
		p.ip ip	 ,
		source_width, 
		source_height, 
		middle_width, 
		middle_height, 
		min_width, 
		min_height,
		u.alias_name,
		u.head_icon,
		p.filter_name,
		p.file_size,
		p.activity_id
		FROM t_img_like l
		LEFT JOIN t_img_picture p ON p.img_id=l.img_id
	 	LEFT JOIN t_sys_user u ON p.user_id=u.user_id
		WHERE l.user_id=#{userId} ]]>
		<if test="posId !=null ">
			<![CDATA[ AND l.like_id > #{posId} ]]>
		</if>
		<![CDATA[ And l.status=1 AND p.status in (1,2)
		ORDER BY l.like_id  ASC
		LIMIT 0,#{limit}
   ]]>
	</select>
	<select id="loadPictureByUserIdCount" resultType="int">
	   <![CDATA[
		SELECT 	count(1)	 
		FROM 
		t_img_picture p
		LEFT JOIN t_sys_user u ON p.user_id=u.user_id
		where p.user_id=#{userId} and p.status in (1,2)
   		]]>
	</select>

	<update id="updatePhotoViewCount" parameterType="hashMap">
	 <![CDATA[
	 	update t_img_picture set view_count=IFNULL(view_count,0 )+#{count} where img_id=#{imgId}
	  ]]>
	</update>

	<select id="loadPhotoForMap" resultType="hashmap">
		SELECT
		img_id imgId,
		user_id userId,
		`desc` `desc` ,
		cdate cdate,
		view_count viewCount,
		like_count likeCount,
		comment_count commentCount,
		`status` `status` ,
		source_img sourceImg,
		middle_img middleImg,
		min_img minImg,
		device
		device,
		continent continent,
		country country,
		province province,
		city
		city,
		district district,
		street street,
		street_number streetNumber,
		lng
		lng,
		lat lat,
		ip ip,
		source_width sourceWidth,
		source_height sourceHeight,
		middle_width middleWidth,
		middle_height middleHeight,
		min_width
		minWidth,
		min_height minHeight,
		filter_name filterName,
		file_size
		fileSize,
		activity_id activityId
		FROM
		t_img_picture
		ORDER BY cdate DESC
		LIMIT #{start},#{limit}
	</select>

	<select id="loadPhotoForMapHot" resultType="hashmap">
		SELECT
		RAND() rnd,
		img_id imgId,
		user_id userId,
		`desc` `desc` ,
		cdate cdate,
		view_count
		viewCount,
		like_count likeCount,
		comment_count commentCount,
		`status`
		`status` ,
		source_img sourceImg,
		middle_img middleImg,
		min_img
		minImg,
		device device,
		continent continent,
		country country,
		province
		province,
		city city,
		district district,
		street street,
		street_number
		streetNumber,
		lng lng,
		lat lat,
		ip ip,
		source_width sourceWidth,
		source_height
		sourceHeight,
		middle_width middleWidth,
		middle_height
		middleHeight,
		min_width minWidth,
		min_height minHeight,
		filter_name filterName,
		file_size fileSize,
		activity_id activityId
		FROM
		t_img_picture
		ORDER BY rnd
		desc
		LIMIT
		#{start},#{limit}
	</select>
</mapper>