<?xml version="1.0" encoding="UTF-8"?>  
<!DOCTYPE mapper PUBLIC "-//mybatis.org//DTD Mapper 3.0//EN"  "http://mybatis.org/dtd/mybatis-3-mapper.dtd">
<mapper namespace="TImgTagmap">
	<resultMap type="com.meizu.mshow.domain.pojo.TImgTagmap" id="TImgTagmap">
		<result column="img_id" jdbcType="BIGINT" property="imgId" />
		<result column="tag_id" jdbcType="BIGINT" property="tagId" />
		<result column="continent" jdbcType="VARCHAR" property="continent" />
		<result column="country" jdbcType="VARCHAR" property="country" />
		<result column="province" jdbcType="VARCHAR" property="province" />
		<result column="city" jdbcType="VARCHAR" property="city" />
		<result column="district" jdbcType="VARCHAR" property="district" />
		<result column="street" jdbcType="VARCHAR" property="street" />
		<result column="street_number" jdbcType="VARCHAR" property="streetNumber" />
		<result column="lng" jdbcType="FLOAT" property="lng" />
		<result column="lat" jdbcType="FLOAT" property="lat" />
		<result column="ip" jdbcType="VARCHAR" property="ip" />
		<result column="user_id" jdbcType="BIGINT" property="userId" />
	</resultMap>
	<insert id="insertTImgTagmap">
          <![CDATA[
			INSERT INTO t_img_tagmap
			(
			tag_id, 
			img_id ,
			user_id, 
			continent, 
			priovince, 
			city, 
			street, 
			street_number, 
			lng, 
			lat, 
			ip
			)VALUES
		   ]]>
		<foreach collection="list" item="item" index="index"
			separator=","> 
		<![CDATA[
			(
				#{item.tagId},
				#{item.imgId},
				#{item.userId},
				#{item.continent},
				#{item.province},
				#{item.city},
				#{item.street},
				#{item.streetNumber},
				#{item.lng},
				#{item.lat},
				#{item.ip}
			)
		  ]]>
		</foreach>
	</insert>
	<select id="loadTagImage" resultMap="TImgPrt.PicturePlazaModel"
		parameterType="map">
		   <![CDATA[
			  SELECT 	
			 	tp.img_id , 
				tp.user_id , 
				tp.desc, 
				tp.cdate, 
				tp.view_count , 
				tp.like_count , 
				tp.comment_count , 
				tp.status, 
				tp.source_img , 
				tp.middle_img , 
				tp.min_img , 
				tp.device, 
				tp.continent, 
				tp.country, 
				tp.province, 
				tp.city, 
				tp.district, 
				tp.street, 
				tp.street_number, 
				tp.lng, 
				tp.lat, 
				tp.ip, 
				tp.source_width , 
				tp.source_height , 
				tp.middle_width , 
				tp.middle_height , 
				tp.min_width , 
				tp.min_height ,				
				u.alias_name , 
				u.head_icon  ,
				tp.filter_name,
				tp.file_size
				FROM t_img_tagmap tm 
				LEFT JOIN t_img_tag tg ON tm.tag_id=tg.tag_id
				LEFT JOIN t_img_picture tp ON tm.img_id=tp.img_id
				LEFT JOIN t_sys_user u ON u.user_id=tp.user_id
				LEFT JOIN t_img_prt tprt ON tp.img_id=tprt.img_id AND tprt.category=2
				WHERE tm.tag_id=#{tagId} and tp.status in (1,2) AND tg.status<>9
				]]>
		<if test="posId !=null ">
		<![CDATA[	and tp.img_id<#{posId}  ]]>
		</if>  
		<![CDATA[
				  
				ORDER BY tprt.category DESC ,tp.img_id DESC
				LIMIT 0,#{limit}
		   ]]>
	</select>
	<select id="loadTagImageASC" resultMap="TImgPrt.PicturePlazaModel"
		parameterType="map">
		   <![CDATA[
			  SELECT 	
			 	tp.img_id , 
				tp.user_id , 
				tp.desc, 
				tp.cdate, 
				tp.view_count , 
				tp.like_count , 
				tp.comment_count , 
				tp.status, 
				tp.source_img , 
				tp.middle_img , 
				tp.min_img , 
				tp.device, 
				tp.continent, 
				tp.country, 
				tp.province, 
				tp.city, 
				tp.district, 
				tp.street, 
				tp.street_number, 
				tp.lng, 
				tp.lat, 
				tp.ip, 
				tp.source_width , 
				tp.source_height , 
				tp.middle_width , 
				tp.middle_height , 
				tp.min_width , 
				tp.min_height ,				
				u.alias_name , 
				u.head_icon  ,
				tp.filter_name,
				tp.file_size
				FROM t_img_tagmap tm 
				LEFT JOIN t_img_tag tg ON tm.tag_id=tg.tag_id
				LEFT JOIN t_img_picture tp ON tm.img_id=tp.img_id
				LEFT JOIN t_sys_user u ON u.user_id=tp.user_id
				LEFT JOIN t_img_prt tprt ON tp.img_id=tprt.img_id AND tprt.category=2  
				WHERE tm.tag_id=#{tagId} and tp.status in (1,2) AND tg.status<>9
				]]>
		<if test="posId !=null ">
		<![CDATA[	and tp.img_id>#{posId}   ]]>
		</if>  
		<![CDATA[
				ORDER BY tprt.category DESC ,tp.img_id ASC
				LIMIT 0,#{limit}
		   ]]>
	</select>
	<select id="getTagImageCount" resultType="int" parameterType="map">
		   <![CDATA[
			  SELECT 	
			 	count(*)
				FROM t_img_tagmap tm 
				LEFT JOIN t_img_picture tp ON tm.img_id=tp.img_id
				WHERE tm.tag_id=#{tagId} AND tp.status in (1,2) 
		   ]]>
	</select>
	<select id="getImageTagIdCount" resultType="int"
		parameterType="com.meizu.mshow.domain.pojo.TImgTagmap">
		   <![CDATA[
			  SELECT 	
			 	count(*)
				FROM t_img_tagmap tm 
				WHERE tm.tag_id=#{tagId} AND tm.img_id=#{imgId}
		   ]]>
	</select>
	<select id="getImageTagCount" resultType="int"
		parameterType="com.meizu.mshow.domain.pojo.TImgTagmap">
		   <![CDATA[
			  SELECT 	
			 	count(*)
				FROM t_img_tagmap tm 
				WHERE tm.img_id=#{imgId}
		   ]]>
	</select>
</mapper>