<?xml version="1.0" encoding="UTF-8"?>  
<!DOCTYPE mapper PUBLIC "-//mybatis.org//DTD Mapper 3.0//EN"  "http://mybatis.org/dtd/mybatis-3-mapper.dtd">
<mapper namespace="TImgViewlog">
	<resultMap type="com.meizu.mshow.domain.pojo.TImgViewlog" id="TImgViewlog">
		<result column="viewlog_id" jdbcType="BIGINT" property="viewlogId" />
		<result column="user_id" jdbcType="BIGINT" property="userId" />
		<result column="cookie_id" jdbcType="VARCHAR" property="cookieId" />
		<result column="cdate" jdbcType="INTEGER" property="cdate" />
		<result column="img_id" jdbcType="BIGINT" property="imgId" />
	</resultMap>
	<insert id="insertViewLog" parameterType="com.meizu.mshow.domain.pojo.TImgViewlog"
		keyProperty="viewlogId" keyColumn="GENERATED_KEY" useGeneratedKeys="true">
          <![CDATA[
			INSERT INTO t_img_viewlog 
			(viewlog_id, 
			user_id, 
			cookie_id, 
			cdate, 
			img_id
			)
			VALUES
			(#{viewlogId}, 
			#{userId}, 
			#{cookieId}, 
			#{cdate}, 
			#{imgId}
			);
		   ]]>
	</insert>
	<insert id="insertBatchViewLog" keyProperty="viewlogId"
		keyColumn="GENERATED_KEY" useGeneratedKeys="true">
          <![CDATA[
			INSERT INTO t_img_viewlog 
			(viewlog_id, 
			user_id, 
			cookie_id, 
			cdate, 
			img_id
			)
			VALUES
			
		   ]]>
		<foreach collection="list" item="item" index="index"
			separator=","> 
          <![CDATA[
           (#{item.viewlogId}, 
			#{item.userId}, 
			#{item.cookieId}, 
			#{item.cdate}, 
			#{item.imgId}
			)
          ]]>
		</foreach>
	</insert>
</mapper>