<?xml version="1.0" encoding="UTF-8"?>  
<!DOCTYPE mapper PUBLIC "-//mybatis.org//DTD Mapper 3.0//EN"  "http://mybatis.org/dtd/mybatis-3-mapper.dtd">
<mapper namespace="TImgComplain">
	<resultMap type="com.meizu.mshow.domain.pojo.TImgComplain"
		id="TImgComplain">
		<result column="complain_id" jdbcType="BIGINT" property="complainId" />
		<result column="img_id" jdbcType="BIGINT" property="imgId" />
		<result column="user_id" jdbcType="BIGINT" property="userId" />
		<result column="cdate" jdbcType="INTEGER" property="cdate" />
		<result column="status" jdbcType="INTEGER" property="status" />
	</resultMap>
	<select id="loadComplainViaImgIdAndUserId" resultMap="TImgComplain"
		parameterType="com.meizu.mshow.domain.pojo.TImgComplain">
	   <![CDATA[
		SELECT 	tc.complain_id, 
		tc.img_id, 
		tc.user_id, 
		tc.cdate, 
		tc.status
		FROM 
		t_img_complain  tc
		WHERE tc.img_id=#{imgId} and tc.user_id=#{userId}
	   ]]>
	</select>

	<insert id="insertComplain" parameterType="com.meizu.mshow.domain.pojo.TImgComplain"
		keyProperty="complainId" keyColumn="GENERATED_KEY" useGeneratedKeys="true">
          <![CDATA[
			 INSERT INTO t_img_complain 
			(
				complain_id, 
				img_id, 
				user_id, 
				cdate, 
				`STATUS`
			)
			VALUES
			(
				#{complainId}, 
				#{imgId}, 
				#{userId}, 
				#{cdate}, 
				#{status}
			)
		   ]]>
	</insert>
</mapper>