<?xml version="1.0" encoding="UTF-8"?>  
<!DOCTYPE mapper PUBLIC "-//mybatis.org//DTD Mapper 3.0//EN"  "http://mybatis.org/dtd/mybatis-3-mapper.dtd">
<mapper namespace="TImgPrt">
	<resultMap type="com.meizu.mshow.domain.model.PicturePlazaModel"
		id="PicturePlazaModel">
		<result column="img_id" jdbcType="BIGINT" property="imgId" />
		<result column="like_id" jdbcType="BIGINT" property="likeId" />
		<result column="user_id" jdbcType="BIGINT" property="userId" />
		<result column="desc" jdbcType="VARCHAR" property="desc" />
		<result column="cdate" jdbcType="INTEGER" property="cdate" />
		<result column="view_count" jdbcType="INTEGER" property="viewCount" />
		<result column="like_count" jdbcType="INTEGER" property="likeCount" />
		<result column="comment_count" jdbcType="INTEGER" property="commentCount" />
		<result column="status" jdbcType="INTEGER" property="status" />
		<result column="source_img" jdbcType="VARCHAR" property="sourceImg" />
		<result column="middle_img" jdbcType="VARCHAR" property="middleImg" />
		<result column="min_img" jdbcType="VARCHAR" property="minImg" />
		<result column="device" jdbcType="VARCHAR" property="device" />
		<result column="continent" jdbcType="VARCHAR" property="continent" />
		<result column="country" jdbcType="VARCHAR" property="country" />
		<result column="province" jdbcType="VARCHAR" property="province" />
		<result column="city" jdbcType="VARCHAR" property="city" />
		<result column="district" jdbcType="VARCHAR" property="district" />
		<result column="street" jdbcType="VARCHAR" property="street" />
		<result column="street_number" jdbcType="VARCHAR" property="streetNumber" />
		<result column="lng" jdbcType="FLOAT" property="lng" />
		<result column="lat" jdbcType="FLOAT" property="lat" />
		<result column="ip" jdbcType="VARCHAR" property="ip" />
		<result column="source_width" jdbcType="INTEGER" property="sourceWidth" />
		<result column="source_height" jdbcType="INTEGER" property="sourceHeight" />
		<result column="middle_width" jdbcType="INTEGER" property="middleWidth" />
		<result column="middle_height" jdbcType="INTEGER" property="middleHeight" />
		<result column="min_width" jdbcType="INTEGER" property="minWidth" />
		<result column="min_height" jdbcType="INTEGER" property="minHeight" />
		<result column="alias_name" jdbcType="VARCHAR" property="aliasName" />
		<result column="head_icon" jdbcType="VARCHAR" property="headIcon" />
		<result column="like_status" jdbcType="VARCHAR" property="likeStatus" />
		<result column="filter_name" jdbcType="VARCHAR" property="filterName" />
		<result column="file_size" jdbcType="INTEGER" property="fileSize" />
		<result column="activity_id" jdbcType="BIGINT" property="activityId" />
	</resultMap>
	<select id="loadNew" resultMap="TImgPrt.PicturePlazaModel"
		parameterType="QueryModel">
		   <![CDATA[
			  SELECT 	
			 	p.img_id , 
				p.user_id , 
				p.desc, 
				p.cdate, 
				p.view_count , 
				p.like_count , 
				p.comment_count , 
				p.status, 
				p.source_img , 
				p.middle_img , 
				p.min_img , 
				p.device, 
				p.continent, 
				p.country, 
				p.province, 
				p.city, 
				p.district, 
				p.street, 
				p.street_number, 
				p.lng, 
				p.lat, 
				p.ip, 
				p.source_width , 
				p.source_height , 
				p.middle_width , 
				p.middle_height , 
				p.min_width , 
				p.min_height ,				
				u.alias_name , 
				u.head_icon ,
				p.filter_name,
				p.file_size,
				p.activity_id
				FROM 
				t_img_picture p
				LEFT JOIN t_sys_user u ON u.user_id=p.user_id
				WHERE  p.status in (1,2)
				]]>
		<if test="posId !=null ">
			<![CDATA[and p.img_id<#{posId} ]]>
		</if>  
		<![CDATA[
				ORDER BY p.img_id desc
				LIMIT 0,#{limit}
		   ]]>
	</select>
	<select id="loadNewASC" resultMap="TImgPrt.PicturePlazaModel"
		parameterType="QueryModel">
		   <![CDATA[
			  SELECT 	
			 	p.img_id , 
				p.user_id , 
				p.desc, 
				p.cdate, 
				p.view_count , 
				p.like_count , 
				p.comment_count , 
				p.status, 
				p.source_img , 
				p.middle_img , 
				p.min_img , 
				p.device, 
				p.continent, 
				p.country, 
				p.province, 
				p.city, 
				p.district, 
				p.street, 
				p.street_number, 
				p.lng, 
				p.lat, 
				p.ip, 
				p.source_width , 
				p.source_height , 
				p.middle_width , 
				p.middle_height , 
				p.min_width , 
				p.min_height ,				
				u.alias_name , 
				u.head_icon ,
				p.filter_name,
				p.file_size,
				p.activity_id
				FROM 
				t_img_picture p
				LEFT JOIN t_sys_user u ON u.user_id=p.user_id
				WHERE p.status in (1,2)
				]]>
		<if test="posId !=null ">
			<![CDATA[and p.img_id>#{posId} ]]>
		</if>  
		<![CDATA[
				ORDER BY p.img_id asc
				LIMIT 0,#{limit}
		   ]]>
	</select>
	<select id="getNewCount" resultType="int">
	   <![CDATA[
		SELECT 	COUNT(*) 
		FROM 
		t_img_prt tp
		LEFT JOIN t_img_picture p ON tp.img_id=p.img_id
		WHERE tp.category=2 AND tp.status=1 AND  tp.start_date <UNIX_TIMESTAMP()/1000 AND tp.end_date >UNIX_TIMESTAMP()/1000 and p.status in (1,2)
	   ]]>
	</select>
	<select id="loadHot" resultMap="PicturePlazaModel"
		parameterType="hashmap">
		   <![CDATA[
			  SELECT 	
			 	p.img_id , 
				p.user_id , 
				p.desc, 
				p.cdate, 
				p.view_count , 
				p.like_count , 
				p.comment_count , 
				p.status, 
				p.source_img , 
				p.middle_img , 
				p.min_img , 
				p.device, 
				p.continent, 
				p.country, 
				p.province, 
				p.city, 
				p.district, 
				p.street, 
				p.street_number, 
				p.lng, 
				p.lat, 
				p.ip, 
				p.source_width , 
				p.source_height , 
				p.middle_width , 
				p.middle_height , 
				p.min_width , 
				p.min_height ,				
				u.alias_name , 
				u.head_icon ,
				p.source_height, 
				p.middle_width, 
				p.middle_height, 
				p.min_width, 
				p.min_height,
				(p.view_count*#{vewWeight}+p.comment_count* #{commentWeight}+p.like_count*#{likeWeight}) AS hotCount,
				p.filter_name,
				p.file_size,
				p.activity_id
				FROM 
				t_img_prt tp
				LEFT JOIN t_img_picture p ON tp.img_id=p.img_id
				LEFT JOIN t_sys_user u ON u.user_id=p.user_id
				WHERE tp.category=1  AND  tp.start_date <UNIX_TIMESTAMP() AND tp.end_date >UNIX_TIMESTAMP() and p.status in (1,2)
				ORDER BY tp.level ASC, hotCount DESC,p.img_id DESC
				LIMIT #{start},#{limit}
		   ]]>
	</select>
	<select id="getHotCount" resultType="int">
	   <![CDATA[
		SELECT 	COUNT(*) 
		FROM 
		t_img_prt tp
		LEFT JOIN t_img_picture p ON tp.img_id=p.img_id
		WHERE tp.category=1  AND  tp.start_date <UNIX_TIMESTAMP()/1000 AND tp.end_date >UNIX_TIMESTAMP()/1000 and p.status in (1,2)
	   ]]>
	</select>
	<update id="deletePRT">
		DELETE FROM t_img_prt WHERE category=1 AND LEVEL=2
	</update>
	<insert id="insertBatchPRT" keyProperty="prtId" keyColumn="GENERATED_KEY"
		useGeneratedKeys="true">
          <![CDATA[
			INSERT INTO t_img_prt 
				(prt_id, 
				img_id, 
				`STATUS`, 
				start_date, 
				end_date, 
				`LEVEL`, 
				category
				)
				VALUES
		   ]]>
		<foreach collection="list" item="item" index="index"
			separator=","> 
          <![CDATA[
            (#{item.prtId}, 
				#{item.imgId}, 
				#{item.status}, 
				#{item.startDate}, 
				#{item.endDate}, 
				#{item.level}, 
				#{item.category}
			)
          ]]>
		</foreach>
	</insert>

	<select id="loadImgViaCityASC" resultMap="TImgPrt.PicturePlazaModel"
		parameterType="QueryModel">
		   <![CDATA[
			  SELECT 	
			 	p.img_id , 
				p.user_id , 
				p.desc, 
				p.cdate, 
				p.view_count , 
				p.like_count , 
				p.comment_count , 
				p.status, 
				p.source_img , 
				p.middle_img , 
				p.min_img , 
				p.device, 
				p.continent, 
				p.country, 
				p.province, 
				p.city, 
				p.district, 
				p.street, 
				p.street_number, 
				p.lng, 
				p.lat, 
				p.ip, 
				p.source_width , 
				p.source_height , 
				p.middle_width , 
				p.middle_height , 
				p.min_width , 
				p.min_height ,				
				u.alias_name , 
				u.head_icon ,
				p.filter_name,
				p.file_size,
				p.activity_id
				FROM 
				t_img_picture p
				LEFT JOIN t_sys_user u ON u.user_id=p.user_id
				WHERE  p.status in (1,2)
				]]>
		<if test="posId !=null ">
			<![CDATA[and p.img_id>#{posId} ]]>
		</if>
		<if test="city !=null ">
			<![CDATA[ and p.city=#{city} ]]>
		</if>
		<if test="province !=null ">
			<![CDATA[ and p.province=#{province} ]]>
		</if>
		<![CDATA[
				ORDER BY p.img_id asc
				LIMIT 0,#{limit}
		   ]]>
	</select>
	<select id="loadImgViaCity" resultMap="TImgPrt.PicturePlazaModel"
		parameterType="QueryModel">
		   <![CDATA[
			  SELECT 	
			 	p.img_id , 
				p.user_id , 
				p.desc, 
				p.cdate, 
				p.view_count , 
				p.like_count , 
				p.comment_count , 
				p.status, 
				p.source_img , 
				p.middle_img , 
				p.min_img , 
				p.device, 
				p.continent, 
				p.country, 
				p.province, 
				p.city, 
				p.district, 
				p.street, 
				p.street_number, 
				p.lng, 
				p.lat, 
				p.ip, 
				p.source_width , 
				p.source_height , 
				p.middle_width , 
				p.middle_height , 
				p.min_width , 
				p.min_height ,				
				u.alias_name , 
				u.head_icon ,
				p.filter_name,
				p.file_size,
				p.activity_id
				FROM 
				t_img_picture p
				LEFT JOIN t_sys_user u ON u.user_id=p.user_id
				WHERE  p.status in (1,2)
				]]>
		<if test="city !=null ">
			<![CDATA[ and p.city=#{city} ]]>
		</if>
		<if test="province !=null ">
			<![CDATA[ and p.province=#{province} ]]>
		</if>
		<![CDATA[
				ORDER BY p.img_id  desc
				LIMIT 0,#{limit}
		   ]]>
	</select>
</mapper>