<?xml version="1.0" encoding="UTF-8"?>  
<!DOCTYPE mapper PUBLIC "-//mybatis.org//DTD Mapper 3.0//EN"  "http://mybatis.org/dtd/mybatis-3-mapper.dtd">
<mapper namespace="TImgLike">
	<resultMap type="com.meizu.mshow.domain.pojo.TImgLike" id="TImgLike">
		<result column="like_id" jdbcType="BIGINT" property="likeId" />
		<result column="user_id" jdbcType="BIGINT" property="userId" />
		<result column="cdate" jdbcType="INTEGER" property="cdate" />
		<result column="status" jdbcType="INTEGER" property="status" />
		<result column="img_id" jdbcType="BIGINT" property="imgId" />
		<result column="continent" jdbcType="VARCHAR" property="continent" />
		<result column="country" jdbcType="VARCHAR" property="country" />
		<result column="province" jdbcType="VARCHAR" property="province" />
		<result column="city" jdbcType="VARCHAR" property="city" />
		<result column="district" jdbcType="VARCHAR" property="district" />
		<result column="street" jdbcType="VARCHAR" property="street" />
		<result column="street_number" jdbcType="VARCHAR" property="streetNumber" />
		<result column="lng" jdbcType="FLOAT" property="lng" />
		<result column="lat" jdbcType="FLOAT" property="lat" />
		<result column="ip" jdbcType="VARCHAR" property="ip" />
		<result column="alias_name" jdbcType="VARCHAR" property="aliasName" />
		<result column="head_icon" jdbcType="VARCHAR" property="headIcon" />
		<result column="ip" jdbcType="VARCHAR" property="ip" />
		<result column="source_img" jdbcType="VARCHAR" property="sourceImg" />
		<result column="middle_img" jdbcType="VARCHAR" property="middleImg" />
		<result column="min_img" jdbcType="VARCHAR" property="minImg" />
		<result column="filter_name" jdbcType="VARCHAR" property="filterName" />
		<result column="file_size" jdbcType="INTEGER" property="fileSize" />

	</resultMap>

	<insert id="insertLike" parameterType="com.meizu.mshow.domain.pojo.TImgLike"
		keyProperty="likeId" keyColumn="GENERATED_KEY" useGeneratedKeys="true">
          <![CDATA[
			 INSERT INTO t_img_like 
				(like_id, 
				user_id, 
				cdate, 
				STATUS, 
				img_id, 
				continent, 
				country, 
				province, 
				city, 
				district, 
				street, 
				street_number, 
				lng, 
				lat, 
				ip
				)
				VALUES
				(#{likeId}, 
				#{userId}, 
				#{cdate}, 
				#{status}, 
				#{imgId}, 
				#{continent}, 
				#{country}, 
				#{province}, 
				#{city}, 
				#{district}, 
				#{street}, 
				#{streetNumber}, 
				#{lng}, 
				#{lat}, 
				#{ip}
				);
		   ]]>
	</insert>
	<insert id="insertBatchLike" keyProperty="likeId" keyColumn="GENERATED_KEY"
		useGeneratedKeys="true">
          <![CDATA[
			 INSERT INTO t_img_like 
				(like_id, 
				user_id, 
				cdate, 
				STATUS, 
				img_id, 
				continent, 
				country, 
				province, 
				city, 
				district, 
				street, 
				street_number, 
				lng, 
				lat, 
				ip
				)
				VALUES
		   ]]>
		<foreach collection="list" item="item" index="index"
			separator=","> 
          <![CDATA[
            (#{item.likeId}, 
				#{item.userId}, 
				#{item.cdate}, 
				#{item.status}, 
				#{item.imgId}, 
				#{item.continent}, 
				#{item.country}, 
				#{item.province}, 
				#{item.city}, 
				#{item.district}, 
				#{item.street}, 
				#{item.streetNumber}, 
				#{item.lng}, 
				#{item.lat}, 
				#{item.ip}
				)
          ]]>
		</foreach>
	</insert>
	<update id="updateBatchLike">
          <![CDATA[
			UPDATE t_img_like t SET t.status=#{status} WHERE t.like_id in
		   ]]>
		<foreach collection="updatelist" item="item" index="index"
			open="(" separator="," close=")"> 
          <![CDATA[
            #{item.likeId} 
          ]]>
		</foreach>
	</update>
	<select id="loadLikeListViaImgId" resultMap="TImgLike.TImgLike">
	    <![CDATA[
		SELECT 	tl.like_id, 
			tl.user_id, 
			tl.img_id, 
			tl.cdate, 
			tl.status, 
			tl.continent, 
			tl.country, 
			tl.province, 
			tl.city, 
			tl.district, 
			tl.street, 
			tl.street_number, 
			tl.lng, 
			tl.lat, 
			tl.ip, 
			tu.alias_name,
			tu.head_icon	 
			FROM 
			t_img_like tl
			LEFT JOIN t_sys_user tu ON tu.user_id=tl.user_id
		   WHERE tl.img_id=#{imgId} and tl.status=1
		   order by tl.cdate desc
		   LIMIT #{start},#{limit}
	    ]]>
	</select>
	<select id="loadLikeListViaImgIds" resultMap="TImgLike.TImgLike">
	    <![CDATA[
		SELECT 	tl.like_id, 
			tl.user_id, 
			tl.img_id, 
			tl.cdate, 
			tl.status, 
			tl.continent, 
			tl.country, 
			tl.province, 
			tl.city, 
			tl.district, 
			tl.street, 
			tl.street_number, 
			tl.lng, 
			tl.lat, 
			tl.ip, 
			tu.alias_name,
			tu.head_icon	 
			FROM
		  t_img_like tl
		  LEFT JOIN t_img_picture tp1 ON tp1.img_id=tl.img_id
		  LEFT JOIN t_sys_user tu ON tu.user_id=tl.user_id
		  WHERE
		  ((SELECT COUNT(0)
		   FROM t_img_like tl1
		   WHERE 
		     tl1.img_id = tl.img_id  AND tl1.like_id<tl.like_id and tl1.status=1 
		     ORDER BY tl1.cdate DESC     
		  ) <#{limit})  AND tl.img_id IN ]]>
		<foreach collection="imgIds" item="item" index="index" open="("
			separator="," close=")"> 
          <![CDATA[
            #{item} 
          ]]>
		</foreach>
	 <![CDATA[AND  tl.status=1 AND tp1.status in(1,2,3)
		  ORDER BY tl.cdate DESC
	    ]]>
	</select>
	<!-- 不需要添加tl.status=1的判断，这个值在业务中有其它作用 -->
	<select id="loadLikeViaImgIdAndUserId" resultMap="TImgLike.TImgLike">
		 <![CDATA[
		SELECT 	tl.like_id, 
			tl.user_id, 
			tl.img_id, 
			tl.cdate, 
			tl.status, 
			tl.continent, 
			tl.country, 
			tl.province, 
			tl.city, 
			tl.district, 
			tl.street, 
			tl.street_number, 
			tl.lng, 
			tl.lat, 
			tl.ip, 
			tu.alias_name,
			tu.head_icon	 
			FROM 
			t_img_like tl
			LEFT JOIN t_sys_user tu ON tu.user_id=tl.user_id
		   WHERE  tl.img_id=#{imgId} and tl.user_id=#{userId} 
	    ]]>
	</select>
	<update id="updateLikeViaImgIdAndUserId">
		 <![CDATA[
			UPDATE t_img_like t SET t.status=#{status} WHERE t.img_id=#{imgId} AND t.user_id=#{userId}
	    	]]>
	</update>
</mapper>