<?xml version="1.0" encoding="UTF-8"?>  
<!DOCTYPE mapper PUBLIC "-//mybatis.org//DTD Mapper 3.0//EN"  "http://mybatis.org/dtd/mybatis-3-mapper.dtd">
<mapper  namespace="t_ini_config">
  <resultMap type="com.meizu.mshow.domain.pojo.TIniConfig" id="ibatorgenerated_BaseResultMap">
    <result column="config_id" jdbcType="INTEGER" property="configId" />
    <result column="name" jdbcType="VARCHAR" property="name" />
    <result column="section" jdbcType="VARCHAR" property="section" />
    <result column="sub_section" jdbcType="VARCHAR" property="subSection" />
    <result column="value" jdbcType="INTEGER" property="value" />
    <result column="string_value" jdbcType="VARCHAR" property="stringValue" />
    <result column="comments" jdbcType="VARCHAR" property="comments" />
    <result column="ref_config_id" jdbcType="VARCHAR" property="refConfigId" />
  </resultMap>
</mapper>