<?xml version="1.0" encoding="UTF-8"?>  
<!DOCTYPE mapper PUBLIC "-//mybatis.org//DTD Mapper 3.0//EN"  "http://mybatis.org/dtd/mybatis-3-mapper.dtd">
<mapper namespace="TSysMark">
	<resultMap type="com.meizu.mshow.domain.model.UserMarkModel"
		id="UserMarkModel">
		<result column="mark_id" jdbcType="BIGINT" property="markId" />
		<result column="user_id" jdbcType="BIGINT" property="userId" />
		<result column="dest_user_id" jdbcType="BIGINT" property="destUserId" />
		<result column="alias_name" jdbcType="VARCHAR" property="aliasName" />
		<result column="head_icon" jdbcType="VARCHAR" property="headIcon" />
		<result column="category" jdbcType="INTEGER" property="category" />
		<result column="img_id" jdbcType="BIGINT" property="imgId" />
	</resultMap>
	<select id="getUserMarkCount" resultType="int" parameterType="map">
		   <![CDATA[
			SELECT COUNT(*) FROM(
			SELECT mark_id,user_id,dest_user_id FROM t_sys_mark WHERE user_id=#{userId}  GROUP BY user_id,dest_user_id LIMIT 0,50)v  
		   ]]>
	</select>
	<insert id="insertTSysMark" parameterType="com.meizu.mshow.domain.model.UserMarkModel"
		keyProperty="markId" keyColumn="GENERATED_KEY" useGeneratedKeys="true">
          <![CDATA[
			INSERT INTO t_sys_mark 
			(mark_id, 
			user_id, 
			category, 
			cdate, 
			dest_user_id,
			img_id
			)
			VALUES
			(#{markId}, 
			#{userId}, 
			#{category}, 
			#{cdate}, 
			#{destUserId},
			#{imgId}
			);
		  ]]>
	</insert>
	<insert id="insertBatchTSysMark" keyProperty="markId" keyColumn="GENERATED_KEY"
		useGeneratedKeys="true">
          <![CDATA[
			INSERT INTO t_sys_mark 
			(mark_id, 
			user_id, 
			category, 
			cdate, 
			dest_user_id,
			img_id
			)
			VALUES	]]>
		<foreach collection="list" item="item" index="index"
			separator=","> 
          <![CDATA[
			(#{item.markId}, 
			#{item.userId}, 
			#{item.category}, 
			#{item.cdate}, 
			#{item.destUserId},
			#{item.imgId}
			)
		  ]]>
		</foreach>
	</insert>
	<delete id="deleteMarkOverLimit" parameterType="map">
	 <![CDATA[
		DELETE FROM t_sys_mark 
		WHERE
		user_id=#{userId} AND mark_id<#{markId}
	]]>
	</delete>
	<delete id="deleteUserMarkViaMarkId">
	 <![CDATA[
		DELETE FROM t_sys_mark 
		WHERE
		mark_id in 
		]]>
		<foreach collection="list" item="item" index="index" open="("
			separator="," close=")"> 
          <![CDATA[
            #{item.markId} 
          ]]>
		</foreach>
	</delete>
	<select id="loadTheLimitMark" parameterType="map"
		resultMap="TSysMark.UserMarkModel">
		 <![CDATA[
		SELECT mark_id,user_id,dest_user_id FROM t_sys_mark WHERE user_id=#{userId}  GROUP BY user_id,dest_user_id ORDER BY mark_id DESC  LIMIT 50,1
		]]>
	</select>
	<select id="loadUserMarkWithBothUserId" parameterType="map"
	resultMap="TSysMark.UserMarkModel">
		 <![CDATA[
		 SELECT
		 	tm.mark_id,
			tm.user_id,
			tm.dest_user_id,
			tu.alias_name,
			tu.head_icon,
			tm.img_id,
			tm.category,
			tm.cdate
			FROM t_sys_mark tm
			LEFT JOIN t_sys_user tu ON tu.user_id=tm.user_id
			WHERE tm.user_id=#{userId} and tm.dest_user_id=#{destUserId}
		]]>
	</select>
</mapper>