<?xml version="1.0" encoding="UTF-8"?>  
<!DOCTYPE mapper PUBLIC "-//mybatis.org//DTD Mapper 3.0//EN"  "http://mybatis.org/dtd/mybatis-3-mapper.dtd">
<mapper namespace="TSysUpdate">
	<select id="checkUpdate" resultType="hashmap">
	select 
	id  	id,
	`desc`  	`desc`,
	src_version  	srcVersion,
	des_version  	desVersion,
	cdate  	cdate,
	update_type  	updateType,
	url  	url	 
 from 

	t_sys_update WHERE  src_version=#{version}
	LIMIT 1
	
	</select>
	
	
		<select id="getLastUpdate" resultType="hashmap">
	select 
	id  	id,
	`desc`  	`desc`,
	src_version  	srcVersion,
	des_version  	desVersion,
	cdate  	cdate,
	update_type  	updateType,
	url  	url	 
 from 
	t_sys_update WHERE  src_version &gt;#{version} and update_type=1 order by src_version desc
	LIMIT 1
	
	</select>
	
	<select id="getCityById" resultType="hashmap">

	SELECT 	id id, 
	`name` `name`, 
	parent_id parentId, 
	`level` `level`
	 
	FROM 
	t_bs_area where parent_id=#{pid}
	
	</select>
	
		<select id="getProvice" resultType="hashmap">
	
	SELECT 	id id, 
	`name` `name`, 
	parent_id parentId, 
	`level` `level`
	 
	FROM 
	t_bs_area where parent_id=1
	
	</select>
	
	

	

</mapper>