<?xml version="1.0" encoding="UTF-8"?>  
<!DOCTYPE mapper PUBLIC "-//mybatis.org//DTD Mapper 3.0//EN"  "http://mybatis.org/dtd/mybatis-3-mapper.dtd">
<mapper namespace="TSysMessage">
	<resultMap type="com.meizu.mshow.domain.model.MessageModel"
		id="MessageModel">
		<result column="img_id" jdbcType="BIGINT" property="imgId" />
		<result column="user_id" jdbcType="BIGINT" property="userId" />
		<result column="alias_name" jdbcType="VARCHAR" property="aliasName" />
		<result column="head_icon" jdbcType="VARCHAR" property="headIcon" />
		<result column="dest_user_id" jdbcType="BIGINT" property="destUserId" />
		<result column="cdate" jdbcType="INTEGER" property="cdate" />
		<result column="source_img" jdbcType="VARCHAR" property="sourceImg" />
		<result column="middle_img" jdbcType="VARCHAR" property="middleImg" />
		<result column="min_img" jdbcType="VARCHAR" property="minImg" />
		<result column="comment" jdbcType="VARCHAR" property="comment" />
		<result column="message_category" jdbcType="INTEGER" property="messageCategory" />
		<result column="reply_user_id" jdbcType="INTEGER" property="replyUserId" />
	</resultMap>
	<delete id="deleteMessageViaMessageId" parameterType="java.util.HashMap">
    <![CDATA[
		 delete from t_sys_message where message_id=#{messageId}
     ]]>
	</delete>
	<delete id="deleteBatchMessage" parameterType="java.util.HashMap">
    <![CDATA[
		 delete from t_sys_message where message_id  in 
		]]>
		<foreach collection="list" item="item" index="index" open="("
			separator="," close=")"> 
          <![CDATA[
            #{item} 
          ]]>
		</foreach>
	</delete>
	<insert id="createMessage" parameterType="com.meizu.mshow.domain.model.MessageModel">
		<![CDATA[
			INSERT INTO t_sys_message 
			(message_id, 
			message_category, 
			img_id, 
			user_id, 
			`comment`, 
			dest_user_id, 
			cdate, 
			reply_user_id
			)
			VALUES
			(#{messageId}, 
			#{messageCategory}, 
			#{imgId}, 
			#{userId}, 
			#{comment}, 
			#{destUserId}, 
			#{cdate}, 
			#{replyUserId}
			);
		]]>
	</insert>
	<insert id="createBatchMessage">
          <![CDATA[
			INSERT INTO t_sys_message 
			(message_id, 
			message_category, 
			img_id, 
			user_id, 
			`comment`, 
			dest_user_id, 
			cdate, 
			reply_user_id
			)
			VALUES	]]>
		<foreach collection="list" item="item" index="index"
			separator=","> 
          <![CDATA[
			(#{item.messageId}, 
			#{item.messageCategory}, 
			#{item.imgId}, 
			#{item.userId}, 
			#{item.comment}, 
			#{item.destUserId}, 
			#{item.cdate}, 
			#{item.replyUserId}
			)
		  ]]>
		</foreach>
	</insert>
</mapper>