<?xml version="1.0" encoding="UTF-8"?>  
<!DOCTYPE mapper PUBLIC "-//mybatis.org//DTD Mapper 3.0//EN"  "http://mybatis.org/dtd/mybatis-3-mapper.dtd">
<mapper namespace="TSysBadwords">
	<resultMap type="com.meizu.mshow.domain.pojo.TSysBadwords"
		id="TSysBadwords">
		<result column="id" jdbcType="BIGINT" property="id" />
		<result column="admin" jdbcType="VARCHAR" property="admin" />
		<result column="find" jdbcType="VARCHAR" property="find" />
		<result column="replacement" jdbcType="VARCHAR" property="replacement" />
		<result column="findpattern" jdbcType="VARCHAR" property="findpattern" />
	</resultMap>
	<select id="loadAllBadwords" resultMap="TSysBadwords">
   <![CDATA[
	SELECT 	
	id, 
	admin, 
	find, 
	replacement, 
	findpattern 
	FROM 
	t_sys_badwords 
   ]]>
	</select>
</mapper>