<?xml version="1.0" encoding="UTF-8"?>  
<!DOCTYPE mapper PUBLIC "-//mybatis.org//DTD Mapper 3.0//EN"  "http://mybatis.org/dtd/mybatis-3-mapper.dtd">
<mapper namespace="TSysUser">
	<resultMap type="com.meizu.mshow.domain.pojo.TSysUser" id="TSysUser">
		<result column="ms_user_id" jdbcType="BIGINT" property="msUserId" />
		<result column="user_id" jdbcType="BIGINT" property="userId" />
		<result column="user_name" jdbcType="VARCHAR" property="userName" />
		<result column="email" jdbcType="VARCHAR" property="email" />
		<result column="alias_name" jdbcType="VARCHAR" property="aliasName" />
		<result column="sex" jdbcType="INTEGER" property="sex" />
		<result column="birthday" jdbcType="VARCHAR" property="birthday" />
		<result column="comment" jdbcType="VARCHAR" property="comment" />
		<result column="img_count" jdbcType="INTEGER" property="imgCount" />
		<result column="comment_count" jdbcType="INTEGER" property="commentCount" />
		<result column="like_count" jdbcType="INTEGER" property="likeCount" />
		<result column="fans_count" jdbcType="INTEGER" property="fansCount" />
		<result column="favor_count" jdbcType="INTEGER" property="favorCount" />
		<result column="hot_count" jdbcType="INTEGER" property="hotCount" />
		<result column="cdate" jdbcType="INTEGER" property="cdate" />
		<result column="last_login" jdbcType="INTEGER" property="lastLogin" />
		<result column="status" jdbcType="INTEGER" property="status" />
		<result column="head_icon" jdbcType="VARCHAR" property="headIcon" />
		<result column="ip" jdbcType="VARCHAR" property="ip" />
		<result column="message_date" jdbcType="INTEGER" property="messageDate" />
		<result column="vest" jdbcType="INTEGER" property="vest" />
		<result column="continent" jdbcType="VARCHAR" property="continent" />
		<result column="country" jdbcType="VARCHAR" property="country" />
		<result column="province" jdbcType="VARCHAR" property="province" />
		<result column="city" jdbcType="VARCHAR" property="city" />
		<result column="district" jdbcType="VARCHAR" property="district" />
		<result column="street" jdbcType="VARCHAR" property="street" />
		<result column="street_number" jdbcType="VARCHAR" property="streetNumber" />
		<result column="lng" jdbcType="FLOAT" property="lng" />
		<result column="lat" jdbcType="FLOAT" property="lat" />
	</resultMap>
	<resultMap type="com.meizu.mshow.domain.model.MessageModel"
		id="MessageModel">
		<result column="img_id" jdbcType="BIGINT" property="imgId" />
		<result column="user_id" jdbcType="BIGINT" property="userId" />
		<result column="alias_name" jdbcType="VARCHAR" property="aliasName" />
		<result column="head_icon" jdbcType="VARCHAR" property="headIcon" />
		<result column="cdate" jdbcType="INTEGER" property="cdate" />
		<result column="source_img" jdbcType="VARCHAR" property="sourceImg" />
		<result column="middle_img" jdbcType="VARCHAR" property="middleImg" />
		<result column="min_img" jdbcType="VARCHAR" property="minImg" />
		<result column="remark" jdbcType="VARCHAR" property="comment" />
		<result column="categroy" jdbcType="INTEGER" property="messageCategory" />
	</resultMap>
	<select id="loadUserViaUserId" resultMap="TSysUser">
   <![CDATA[
	SELECT 	ms_user_id, 
		user_id, 
		user_name, 
		email, 
		alias_name, 
		COMMENT, 
		sex, 
		birthday, 
		img_count, 
		comment_count, 
		like_count, 
		fans_count, 
		favor_count, 
		hot_count, 
		cdate, 
		last_login, 
		STATUS, 
		head_icon, 
		ip, 
		message_date, 
		vest, 
		continent, 
		country, 
		province, 
		city, 
		district, 
		street, 
		street_number, 
		lng, 
		lat
		FROM 
		t_sys_user
		where user_id=#{userId}  and status & 8 = 8
   ]]>
	</select>
	<delete id="deleteUserViaUserId" parameterType="java.util.HashMap">
    <![CDATA[
    update t_sys_user set status=  ${status}
    where user_id =${userId}
     ]]>
	</delete>
	<insert id="createUserWithFragment" parameterType="com.meizu.mshow.domain.pojo.TSysUser"
		keyProperty="msUserId" useGeneratedKeys="true">
		<![CDATA[
			INSERT INTO t_sys_user 
			(ms_user_id, 
			user_id, 
			user_name, 
			email, 
			alias_name, 
			sex,
			birthday, 
			`COMMENT`, 
			img_count,						
			comment_count, 
			like_count, 
			fans_count, 
			favor_count,			
			cdate, 
			last_login, 
			STATUS, 
			head_icon, 
			ip,
			message_date,
			vest,
			continent, 
			country, 
			province, 
			city, 
			district, 
			street, 
			street_number, 
			lng, 
			lat 
			)
			VALUES
			(
			#{msUserId}, 
			#{userId}, 
			#{userName}, 
			#{email}, 
			#{aliasName}, 
			#{sex},
			#{birthday},
			#{comment}, 
			#{imgCount}, 
			#{commentCount}, 
			#{likeCount}, 
			#{fansCount}, 
			#{favorCount},			
			#{cdate}, 
			#{lastLogin}, 
			#{status}, 
			#{headIcon}, 
			#{ip},
			#{messageDate},
			#{vest},
			#{continent}, 
			#{country}, 
			#{province}, 
			#{city}, 
			#{district}, 
			#{street}, 
			#{streetNumber}, 
			#{lng}, 
			#{lat}
			)
		]]>
	</insert>



	<select id="searchUser" resultType="hashmap">
		select * from (
		SELECT
		I.user_id userId,
		I.alias_name aliasName,
		I.head_icon headIcon,
		I.img_count imgCount,
		I.like_count likeCount,
		I.comment_count commentCount
		FROM
		t_sys_user I INNER JOIN
		t_sys_sphinx S
		ON
		I.user_id=S.id
		WHERE
		 <![CDATA[
		I.status & 8=8 and 
		 ]]>
		<if test="isChar=1">
			S.query=CONCAT(#{keyWord},';mode=any;maxmatches=1000;limit=1000;index=user')
			<if test="keywords!=null">
				<foreach collection="keywords" item="item" open=" and ("
					close=")" separator=" or ">
					I.`alias_name` like concat('%',#{item},'%')
				</foreach>
			</if>
		</if>
		<if test="isChar=0">
			S.query=CONCAT(#{keyWord},';mode=any;maxmatches=1000;limit=1000;index=user')
		</if>
		)
		t LIMIT #{start},#{limit}

	</select>

	<update id="updateLikeCount" parameterType="hashmap">
	 <![CDATA[
	 	UPDATE t_sys_user 
		SET	
		like_count =IFNULL(like_count,0 )+#{count}
		WHERE
		user_id	= #{userId};
	  ]]>
	</update>
	<update id="updateCommentCount" parameterType="hashmap">
	 <![CDATA[
	 	UPDATE t_sys_user 
		SET	
		comment_count =IFNULL(comment_count,0 )+#{count}
		WHERE
		user_id	= #{userId};
	  ]]>
	</update>
	<update id="updateImgCount" parameterType="hashmap">
	 <![CDATA[
	 	UPDATE t_sys_user 
		SET	
		img_count =IFNULL(img_count,0 )+#{count}
		WHERE
		user_id	= #{userId};
	  ]]>
	</update>

	<select id="loadUserById" resultType="hashmap">
		select
		ms_user_id msUserId,
		user_id userId,
		user_name userName,
		email email,
		alias_name aliasName,
		COMMENT,
		comment,
		img_count imgCount,
		comment_count commentCount,
		like_count
		likeCount,
		fans_count fansCount,
		favor_count favorCount,
		cdate
		cdate,
		last_login lastLogin,
		STATUS status,
		head_icon
		headIcon,
		ip ip
		from
		t_sys_user where user_id=#{userId} limit 1
	</select>
	<select id="getUserCountViaAliasName" resultType="int"
		parameterType="map">
   <![CDATA[
	SELECT COUNT(*) FROM t_sys_user u
	WHERE u.alias_name=#{aliasName}  AND u.user_id<>#{userId} AND u.status&8=8 
   ]]>
	</select>
	<update id="updateUserWithFragment" parameterType="map">
	 <![CDATA[
	 	UPDATE t_sys_user 
		SET	
		alias_name =#{aliasName},
		`COMMENT` = #{comment}
		WHERE
		user_id	= #{userId};
	  ]]>
	</update>
	<update id="updateUserHeadIcon" parameterType="map">
	 <![CDATA[
	 	UPDATE t_sys_user 
		SET	
		head_icon =#{headIcon}
		WHERE
		user_id	= #{userId};
	  ]]>
	</update>
	<update id="updateUserLocation" parameterType="com.meizu.mshow.domain.pojo.TSysUser">
	 <![CDATA[
		UPDATE t_sys_user 
		SET	
		ip = #{ip} , 	
		continent = #{continent} , 
		country = #{country} , 
		province = #{province} , 
		city = #{city} , 
		district = #{district} , 
		street = #{street} , 
		street_number = #{streetNumber} , 
		lng = #{lng} , 
		lat = #{lat}
		WHERE
		user_id	= #{userId};
	  ]]>
	</update>
	<select id="loadUserPinedTags" resultMap="TImgTag.TImgTag"
		parameterType="map">
	  <![CDATA[
		SELECT
		ttag.tag_id,
		ttag.user_id, 
		ttag.tag_name, 
		ttag.cdate, 
		ttag.status,
		ttag.tag_cover,
		tmap.img_id	,
		 COUNT(DISTINCT ttag.tag_name) AS ccount	
		FROM t_img_tag  ttag
		LEFT JOIN t_img_tagmap tmap ON tmap.tag_id=ttag.tag_id
		LEFT JOIN t_img_picture tp ON tp.img_id=tmap.img_id 
		WHERE tp.user_id=#{userId} and ttag.status<>9 and tp.status<>0 and tp.status<>9
		GROUP BY ttag.tag_name
		ORDER BY tp.cdate DESC 
		LIMIT #{start},#{limit};
	   ]]>
	</select>
</mapper>