<?xml version="1.0" encoding="UTF-8"?>  
<!DOCTYPE mapper PUBLIC "-//mybatis.org//DTD Mapper 3.0//EN"  "http://mybatis.org/dtd/mybatis-3-mapper.dtd">
<mapper  namespace="TSysUnituser">
  <resultMap type="com.meizu.mshow.domain.pojo.TSysUnituser" id="ibatorgenerated_BaseResultMap">
    <result column="unituser_id" jdbcType="BIGINT" property="unituserId" />
    <result column="type" jdbcType="INTEGER" property="type" />
    <result column="json" jdbcType="VARCHAR" property="json" />
    <result column="account" jdbcType="VARCHAR" property="account" />
  </resultMap>
  <insert id="createUserWithFragment" parameterType="com.meizu.mshow.domain.pojo.TSysUnituser" keyProperty="unituserId" useGeneratedKeys="true" >
	  <![CDATA[
		  INSERT INTO t_sys_unituser 
			(unituser_id, 
			TYPE, 
			json, 
			account
			)
			VALUES
			(#{unituserId}, 
			#{type}, 
			#{json}, 
			#{account}
			)
	  ]]>
  </insert>
</mapper>