<?xml version="1.0" encoding="UTF-8"?>
<beans xmlns="http://www.springframework.org/schema/beans"
	xmlns:xsi="http://www.w3.org/2001/XMLSchema-instance" xmlns:p="http://www.springframework.org/schema/p"
	xmlns:context="http://www.springframework.org/schema/context"
	xmlns:aop="http://www.springframework.org/schema/aop" xmlns:tx="http://www.springframework.org/schema/tx"
	xmlns:mvc="http://www.springframework.org/schema/mvc" xmlns:task="http://www.springframework.org/schema/task"
	xsi:schemaLocation="http://www.springframework.org/schema/beans
      http://www.springframework.org/schema/beans/spring-beans-3.1.xsd
      http://www.springframework.org/schema/context
      http://www.springframework.org/schema/context/spring-context-3.1.xsd
      http://www.springframework.org/schema/tx
      http://www.springframework.org/schema/tx/spring-tx-3.1.xsd
      http://www.springframework.org/schema/aop
      http://www.springframework.org/schema/aop/spring-aop-3.1.xsd
      http://www.springframework.org/schema/mvc
      http://www.springframework.org/schema/mvc/spring-mvc-3.1.xsd
      http://www.springframework.org/schema/task
      http://www.springframework.org/schema/task/spring-task-3.1.xsd">
	<context:property-placeholder location="classpath:applicationconfig.properties" />
	<bean id="dataSource" class="com.alibaba.druid.pool.DruidDataSource"
		init-method="init" destroy-method="close">
		<!-- 基本属性 url、user、password -->
		<property name="driverClassName" value="${mshow.db.driver}" />
		<property name="url" value="${mshow.db.url}" />
		<property name="username" value="${mshow.db.username}" />
		<property name="password" value="${mshow.db.password}" />

		<!-- 配置初始化大小、最小、最大 -->
		<property name="initialSize" value="${mshow.db.initialPoolSize}" />
		<property name="minIdle" value="${mshow.db.minPoolSize}" />
		<property name="maxActive" value="${mshow.db.maxPoolSize}" />
		<!-- 配置获取连接等待超时的时间 -->
		<property name="maxWait" value="${mshow.db.maxWaitTime}" />

		<!-- 配置间隔多久才进行一次检测，检测需要关闭的空闲连接，单位是毫秒 -->
		<property name="timeBetweenEvictionRunsMillis" value="${mshow.db.idleConnectionTestPeriod}" />

		<!-- 配置一个连接在池中最小生存的时间，单位是毫秒 -->
		<property name="minEvictableIdleTimeMillis" value="${mshow.db.maxIdleTime}" />

		<property name="validationQuery" value="SELECT 'x'" />
		<property name="testWhileIdle" value="true" />
		<property name="testOnBorrow" value="false" />
		<property name="testOnReturn" value="false" />

		<!-- 打开PSCache，并且指定每个连接上PSCache的大小 -->
		<property name="poolPreparedStatements" value="false" />

		<!-- 配置监控统计拦截的filters -->
		<property name="filters" value="stat" />
	</bean>
	<bean id="sessionFactory" class="org.mybatis.spring.SqlSessionFactoryBean">
		<property name="configLocation" value="classpath:sqlmapconfig.xml"></property>
		<property name="dataSource" ref="dataSource"></property>
		<property name="mapperLocations" value="classpath:mybatis/*.xml"></property>
	</bean>

	<!-- 配置事务 -->
	<bean id="transactionManager"
		class="org.springframework.jdbc.datasource.DataSourceTransactionManager">
		<property name="dataSource" ref="dataSource"></property>
	</bean>

	<aop:config>
		<aop:pointcut expression="execution(* com.meizu.mshow.*.business.*.*(..))"
			id="allServiceMethod" />
		<aop:advisor advice-ref="defaultTransactionAdvice"
			pointcut-ref="allServiceMethod" />
	</aop:config>
	<tx:advice id="defaultTransactionAdvice" transaction-manager="transactionManager">
		<tx:attributes>
			<tx:method name="create*" propagation="REQUIRED" />
			<tx:method name="update*" propagation="REQUIRED" />
			<tx:method name="delete*" propagation="REQUIRED" />
			<tx:method name="load*" propagation="NEVER" read-only="true" />
		</tx:attributes>
	</tx:advice>
	<bean id="Base64KeyManager" class="com.meizu.mshow.common.util.Base64KeyManager">
		<property name="base64PublicKey" value="${uc.sso.public.key}" />
	</bean>	
	<aop:aspectj-autoproxy />
	<context:component-scan base-package="com.meizu.mshow.*.business" />
	<context:component-scan base-package="com.meizu.mshow.*.dao" />
	<context:component-scan base-package="com.meizu.mshow.*.cache" />
	<context:component-scan base-package="com.meizu.mshow.common.util" />
	<context:component-scan base-package="com.meizu.mshow.common.security" />
	<context:component-scan base-package="com.meizu.mshow.common.cache" />
	<context:component-scan base-package="com.meizu.mshow.oauth.util" />
	<!-- 单元测试 -->
	<bean class="org.springframework.web.servlet.mvc.annotation.AnnotationMethodHandlerAdapter" />
</beans>

