<?xml version="1.0" encoding="UTF-8"?>
<beans xmlns="http://www.springframework.org/schema/beans"
	xmlns:xsi="http://www.w3.org/2001/XMLSchema-instance" xmlns:p="http://www.springframework.org/schema/p"
	xmlns:context="http://www.springframework.org/schema/context"
	xmlns:mvc="http://www.springframework.org/schema/mvc"
	xsi:schemaLocation="http://www.springframework.org/schema/beans
      http://www.springframework.org/schema/beans/spring-beans-3.1.xsd
      http://www.springframework.org/schema/context
      http://www.springframework.org/schema/context/spring-context-3.1.xsd
      http://www.springframework.org/schema/mvc
      http://www.springframework.org/schema/mvc/spring-mvc-3.1.xsd">
	<bean id="localeResolver"
		class="org.springframework.web.servlet.i18n.SessionLocaleResolver"></bean>
	<bean id="localeChangeInterceptor"
		class="org.springframework.web.servlet.i18n.LocaleChangeInterceptor" />
	<bean
		class="org.springframework.aop.aspectj.annotation.AnnotationAwareAspectJAutoProxyCreator" />
	<bean id="exceptionHandler"
		class="com.meizu.mshow.common.exception.ApplicationExceptionResolver" />
	<bean id="multipartResolver"
		class="org.springframework.web.multipart.commons.CommonsMultipartResolver">
		<property name="maxUploadSize" value="10485760" />
	</bean>
	<bean id="messageSource" class="com.meizu.mshow.common.resource.MessageSource">
		<property name="basenames">
			<list>
				<value>i18n/ErrorResource</value>
				<value>i18n/UIResource</value>
				<value>i18n/MessageResource</value>
			</list>
		</property>
	</bean>
	<mvc:annotation-driven>
		<mvc:message-converters>
			<bean
				class="com.meizu.mshow.common.util.MappingFastJsonHttpMessageConverter ">
				<property name="supportedMediaTypes" value="application/json" />
				<property name="serializerFeature">
					<array>
						<value>WriteMapNullValue</value>
						<value>QuoteFieldNames</value>
					</array>
				</property>
			</bean>
		</mvc:message-converters>
	</mvc:annotation-driven>
	<context:component-scan base-package="com.meizu.mshow.*.web" />
</beans>
