<?xml version="1.0" encoding="UTF-8"?>
<beans xmlns="http://www.springframework.org/schema/beans"
	xmlns:xsi="http://www.w3.org/2001/XMLSchema-instance" xmlns:p="http://www.springframework.org/schema/p"
	xmlns:context="http://www.springframework.org/schema/context"
	xsi:schemaLocation="
			http://www.springframework.org/schema/beans http://www.springframework.org/schema/beans/spring-beans.xsd
			http://www.springframework.org/schema/context http://www.springframework.org/schema/context/spring-context.xsd">


	<bean id="jedisPoolConfig" class="redis.clients.jedis.JedisPoolConfig">
		<property name="maxActive" value="${redis.pool.maxActive}" />
		<property name="minIdle" value="${redis.pool.minIdle}" />
		<property name="maxIdle" value="${redis.pool.maxIdle}" />
		<property name="maxWait" value="${redis.pool.maxWait}" />
		<property name="testOnBorrow" value="${redis.pool.testOnBorrow}" />
		<property name="whenExhaustedAction" value="${redis.pool.whenExhaustedAction}" />
		<property name="timeBetweenEvictionRunsMillis" value="${redis.pool.timeBetweenEvictionRunsMillis}" />
		<property name="minEvictableIdleTimeMillis" value="${redis.pool.minEvictableIdleTimeMillis}" />
	</bean>
	<bean id="pool_write1" class="redis.clients.jedis.JedisPool">
		<constructor-arg index="0" ref="jedisPoolConfig" />
		<constructor-arg index="1" value="${redis.server.host1}" />
		<constructor-arg index="2" value="${redis.server.host1.port}"
			type="int" />
		<constructor-arg index="3" value="${redis.server.host1.timeout}"
			type="int" />
		<!-- 
		<constructor-arg index="4" value="${redis.server.host1.password}"
			type="String" />
		<constructor-arg index="5" value="0"
			type="int" />
		 -->
	</bean>
	<bean id="pool_read1" class="redis.clients.jedis.JedisPool">
		<constructor-arg index="0" ref="jedisPoolConfig" />
		<constructor-arg index="1" value="${redis.server.host1}" />
		<constructor-arg index="2" value="${redis.server.host1.port}"
			type="int" />
		<constructor-arg index="3" value="${redis.server.host1.timeout}"
			type="int" />
		<!-- 
		<constructor-arg index="4" value="${redis.server.host1.password}"
			type="String" />
		<constructor-arg index="5" value="0"
			type="int" />
		 -->
	</bean>
	<bean id="cacheRouter" class="com.meizu.mshow.common.cache.CacheRouter">
		<constructor-arg index="0">
			<list>
				<ref bean="pool_write1" />
			</list>
		</constructor-arg>
		<constructor-arg index="1">
			<list>
				<ref bean="pool_read1" />
			</list>
		</constructor-arg>
	</bean>
</beans>
